1,The Shawshank Redemption,1994,"Frank Darabont (dir.), Tim Robbins, Morgan Freeman",9.2,"22,84,499",/title/tt0111161/,"https://m.media-amazon.com/images/M/MV5BMDFkYTc0MGEtZmNhMC00ZDIzLWFmNTEtODM1ZmRlYWMwMWFmXkEyXkFqcGdeQXVyMTMxODk2OTU@._V1_UY67_CR0,0,45,67_AL_.jpg"
2,The Godfather,1972,"Francis Ford Coppola (dir.), Marlon Brando, Al Pacino",9.1,"15,76,868",/title/tt0068646/,"https://m.media-amazon.com/images/M/MV5BM2MyNjYxNmUtYTAwNi00MTYxLWJmNWYtYzZlODY3ZTk3OTFlXkEyXkFqcGdeQXVyNzkwMjQ5NzM@._V1_UY67_CR1,0,45,67_AL_.jpg"
3,The Godfather: Part II,1974,"Francis Ford Coppola (dir.), Al Pacino, Robert De Niro",9,"11,01,683",/title/tt0071562/,"https://m.media-amazon.com/images/M/MV5BMWMwMGQzZTItY2JlNC00OWZiLWIyMDctNDk2ZDQ2YjRjMWQ0XkEyXkFqcGdeQXVyNzkwMjQ5NzM@._V1_UY67_CR1,0,45,67_AL_.jpg"
4,The Dark Knight,2008,"Christopher Nolan (dir.), Christian Bale, Heath Ledger",9,"22,48,927",/title/tt0468569/,"https://m.media-amazon.com/images/M/MV5BMTMxNTMwODM0NF5BMl5BanBnXkFtZTcwODAyMTk2Mw@@._V1_UY67_CR0,0,45,67_AL_.jpg"
5,12 Angry Men,1957,"Sidney Lumet (dir.), Henry Fonda, Lee J. Cobb",8.9,"6,70,694",/title/tt0050083/,"https://m.media-amazon.com/images/M/MV5BMWU4N2FjNzYtNTVkNC00NzQ0LTg0MjAtYTJlMjFhNGUxZDFmXkEyXkFqcGdeQXVyNjc1NTYyMjg@._V1_UX45_CR0,0,45,67_AL_.jpg"
6,Schindler's List,1993,"Steven Spielberg (dir.), Liam Neeson, Ralph Fiennes",8.9,"11,86,238",/title/tt0108052/,"https://m.media-amazon.com/images/M/MV5BNDE4OTMxMTctNmRhYy00NWE2LTg3YzItYTk3M2UwOTU5Njg4XkEyXkFqcGdeQXVyNjU0OTQ0OTY@._V1_UX45_CR0,0,45,67_AL_.jpg"
7,The Lord of the Rings: The Return of the King,2003,"Peter Jackson (dir.), Elijah Wood, Viggo Mortensen",8.9,"16,07,678",/title/tt0167260/,"https://m.media-amazon.com/images/M/MV5BNzA5ZDNlZWMtM2NhNS00NDJjLTk4NDItYTRmY2EwMWZlMTY3XkEyXkFqcGdeQXVyNzkwMjQ5NzM@._V1_UY67_CR0,0,45,67_AL_.jpg"
8,Pulp Fiction,1994,"Quentin Tarantino (dir.), John Travolta, Uma Thurman",8.8,"17,84,520",/title/tt0110912/,"https://m.media-amazon.com/images/M/MV5BNGNhMDIzZTUtNTBlZi00MTRlLWFjM2ItYzViMjE3YzI5MjljXkEyXkFqcGdeQXVyNzkwMjQ5NzM@._V1_UY67_CR0,0,45,67_AL_.jpg"
9,"Il buono, il brutto, il cattivo",1966,"Sergio Leone (dir.), Clint Eastwood, Eli Wallach",8.8,"6,74,137",/title/tt0060196/,"https://m.media-amazon.com/images/M/MV5BOTQ5NDI3MTI4MF5BMl5BanBnXkFtZTgwNDQ4ODE5MDE@._V1_UX45_CR0,0,45,67_AL_.jpg"
10, The Lord of the Rings: The Fellowship of the Ring,2001,"Peter Jackson (dir.), Elijah Wood, Ian McKellen",8.8,"16,23,352",/title/tt0120737/,"https://m.media-amazon.com/images/M/MV5BN2EyZjM3NzUtNWUzMi00MTgxLWI0NTctMzY4M2VlOTdjZWRiXkEyXkFqcGdeQXVyNDUzOTQ5MjY@._V1_UY67_CR0,0,45,67_AL_.jpg"
11,Fight Club,1999,"David Fincher (dir.), Brad Pitt, Edward Norton",8.8,"18,11,802",/title/tt0137523/,"https://m.media-amazon.com/images/M/MV5BMmEzNTkxYjQtZTc0MC00YTVjLTg5ZTEtZWMwOWVlYzY0NWIwXkEyXkFqcGdeQXVyNzkwMjQ5NzM@._V1_UX45_CR0,0,45,67_AL_.jpg"
12,Forrest Gump,1994,"Robert Zemeckis (dir.), Tom Hanks, Robin Wright",8.8,"17,60,258",/title/tt0109830/,"https://m.media-amazon.com/images/M/MV5BNWIwODRlZTUtY2U3ZS00Yzg1LWJhNzYtMmZiYmEyNmU1NjMzXkEyXkFqcGdeQXVyMTQxNzMzNDI@._V1_UY67_CR0,0,45,67_AL_.jpg"
13,Inception,2010,"Christopher Nolan (dir.), Leonardo DiCaprio, Joseph Gordon-Levitt",8.7,"20,10,764",/title/tt1375666/,"https://m.media-amazon.com/images/M/MV5BMjAxMzY3NjcxNF5BMl5BanBnXkFtZTcwNTI5OTM0Mw@@._V1_UY67_CR0,0,45,67_AL_.jpg"
14,Star Wars: Episode V - The Empire Strikes Back,1980,"Irvin Kershner (dir.), Mark Hamill, Harrison Ford",8.7,"11,34,543",/title/tt0080684/,"https://m.media-amazon.com/images/M/MV5BYmU1NDRjNDgtMzhiMi00NjZmLTg5NGItZDNiZjU5NTU4OTE0XkEyXkFqcGdeQXVyNzkwMjQ5NzM@._V1_UX45_CR0,0,45,67_AL_.jpg"
15,The Lord of the Rings: The Two Towers,2002,"Peter Jackson (dir.), Elijah Wood, Ian McKellen",8.7,"14,52,902",/title/tt0167261/,"https://m.media-amazon.com/images/M/MV5BZGMxZTdjZmYtMmE2Ni00ZTdkLWI5NTgtNjlmMjBiNzU2MmI5XkEyXkFqcGdeQXVyNjU0OTQ0OTY@._V1_UX45_CR0,0,45,67_AL_.jpg"
16,The Matrix,1999,"Lana Wachowski (dir.), Keanu Reeves, Laurence Fishburne",8.6,"16,36,390",/title/tt0133093/,"https://m.media-amazon.com/images/M/MV5BNzQzOTk3OTAtNDQ0Zi00ZTVkLWI0MTEtMDllZjNkYzNjNTc4L2ltYWdlXkEyXkFqcGdeQXVyNjU0OTQ0OTY@._V1_UX45_CR0,0,45,67_AL_.jpg"
17,Goodfellas,1990,"Martin Scorsese (dir.), Robert De Niro, Ray Liotta",8.6,"9,94,277",/title/tt0099685/,"https://m.media-amazon.com/images/M/MV5BY2NkZjEzMDgtN2RjYy00YzM1LWI4ZmQtMjIwYjFjNmI3ZGEwXkEyXkFqcGdeQXVyNzkwMjQ5NzM@._V1_UX45_CR0,0,45,67_AL_.jpg"
18,One Flew Over the Cuckoo's Nest,1975,"Milos Forman (dir.), Jack Nicholson, Louise Fletcher",8.6,"8,93,545",/title/tt0073486/,"https://m.media-amazon.com/images/M/MV5BZjA0OWVhOTAtYWQxNi00YzNhLWI4ZjYtNjFjZTEyYjJlNDVlL2ltYWdlL2ltYWdlXkEyXkFqcGdeQXVyMTQxNzMzNDI@._V1_UY67_CR0,0,45,67_AL_.jpg"
19,Shichinin no samurai,1954,"Akira Kurosawa (dir.), Toshirô Mifune, Takashi Shimura",8.6,"3,08,831",/title/tt0047478/,"https://m.media-amazon.com/images/M/MV5BOWE4ZDdhNmMtNzE5ZC00NzExLTlhNGMtY2ZhYjYzODEzODA1XkEyXkFqcGdeQXVyNTAyODkwOQ@@._V1_UY67_CR1,0,45,67_AL_.jpg"
20,Se7en,1995,"David Fincher (dir.), Morgan Freeman, Brad Pitt",8.6,"14,06,067",/title/tt0114369/,"https://m.media-amazon.com/images/M/MV5BOTUwODM5MTctZjczMi00OTk4LTg3NWUtNmVhMTAzNTNjYjcyXkEyXkFqcGdeQXVyNjU0OTQ0OTY@._V1_UX45_CR0,0,45,67_AL_.jpg"
21,La vita è bella,1997,"Roberto Benigni (dir.), Roberto Benigni, Nicoletta Braschi",8.6,"6,07,428",/title/tt0118799/,"https://m.media-amazon.com/images/M/MV5BYmJmM2Q4NmMtYThmNC00ZjRlLWEyZmItZTIwOTBlZDQ3NTQ1XkEyXkFqcGdeQXVyMTQxNzMzNDI@._V1_UX45_CR0,0,45,67_AL_.jpg"
22,Cidade de Deus,2002,"Fernando Meirelles (dir.), Alexandre Rodrigues, Leandro Firmino",8.6,"6,87,135",/title/tt0317248/,"https://m.media-amazon.com/images/M/MV5BNDJiNTEwMjMtOGQ1ZC00OTczLWFjZjctZWQ0MGJjZmFkMjcwXkEyXkFqcGdeQXVyNjU0OTQ0OTY@._V1_UX45_CR0,0,45,67_AL_.jpg"
23,The Silence of the Lambs,1991,"Jonathan Demme (dir.), Jodie Foster, Anthony Hopkins",8.6,"12,37,670",/title/tt0102926/,"https://m.media-amazon.com/images/M/MV5BNjNhZTk0ZmEtNjJhMi00YzFlLWE1MmEtYzM1M2ZmMGMwMTU4XkEyXkFqcGdeQXVyNjU0OTQ0OTY@._V1_UY67_CR0,0,45,67_AL_.jpg"
24,It's a Wonderful Life,1946,"Frank Capra (dir.), James Stewart, Donna Reed",8.6,"3,89,173",/title/tt0038650/,"https://m.media-amazon.com/images/M/MV5BZjc4NDZhZWMtNGEzYS00ZWU2LThlM2ItNTA0YzQ0OTExMTE2XkEyXkFqcGdeQXVyNjUwMzI2NzU@._V1_UY67_CR0,0,45,67_AL_.jpg"
25,Star Wars,1977,"George Lucas (dir.), Mark Hamill, Harrison Ford",8.6,"12,06,491",/title/tt0076759/,"https://m.media-amazon.com/images/M/MV5BNzVlY2MwMjktM2E4OS00Y2Y3LWE3ZjctYzhkZGM3YzA1ZWM2XkEyXkFqcGdeQXVyNzkwMjQ5NzM@._V1_UX45_CR0,0,45,67_AL_.jpg"
26,Saving Private Ryan,1998,"Steven Spielberg (dir.), Tom Hanks, Matt Damon",8.5,"12,07,007",/title/tt0120815/,"https://m.media-amazon.com/images/M/MV5BZjhkMDM4MWItZTVjOC00ZDRhLThmYTAtM2I5NzBmNmNlMzI1XkEyXkFqcGdeQXVyNDYyMDk5MTU@._V1_UY67_CR0,0,45,67_AL_.jpg"
27,Sen to Chihiro no kamikakushi,2001,"Hayao Miyazaki (dir.), Daveigh Chase, Suzanne Pleshette",8.5,"6,29,156",/title/tt0245429/,"https://m.media-amazon.com/images/M/MV5BMjlmZmI5MDctNDE2YS00YWE0LWE5ZWItZDBhYWQ0NTcxNWRhXkEyXkFqcGdeQXVyMTMxODk2OTU@._V1_UY67_CR0,0,45,67_AL_.jpg"
28,The Green Mile,1999,"Frank Darabont (dir.), Tom Hanks, Michael Clarke Duncan",8.5,"11,15,992",/title/tt0120689/,"https://m.media-amazon.com/images/M/MV5BMTUxMzQyNjA5MF5BMl5BanBnXkFtZTYwOTU2NTY3._V1_UY67_CR0,0,45,67_AL_.jpg"
29,Gisaengchung,2019,"Bong Joon Ho (dir.), Kang-ho Song, Sun-kyun Lee",8.5,"4,79,482",/title/tt6751668/,"https://m.media-amazon.com/images/M/MV5BYWZjMjk3ZTItODQ2ZC00NTY5LWE0ZDYtZTI3MjcwN2Q5NTVkXkEyXkFqcGdeQXVyODk4OTc3MTY@._V1_UY67_CR0,0,45,67_AL_.jpg"
30,Interstellar,2014,"Christopher Nolan (dir.), Matthew McConaughey, Anne Hathaway",8.5,"14,56,894",/title/tt0816692/,"https://m.media-amazon.com/images/M/MV5BZjdkOTU3MDktN2IxOS00OGEyLWFmMjktY2FiMmZkNWIyODZiXkEyXkFqcGdeQXVyMTMxODk2OTU@._V1_UY67_CR0,0,45,67_AL_.jpg"
31,Léon,1994,"Luc Besson (dir.), Jean Reno, Gary Oldman",8.5,"10,10,208",/title/tt0110413/,"https://m.media-amazon.com/images/M/MV5BZDAwYTlhMDEtNTg0OS00NDY2LWJjOWItNWY3YTZkM2UxYzUzXkEyXkFqcGdeQXVyNTA4NzY1MzY@._V1_UY67_CR1,0,45,67_AL_.jpg"
32,The Usual Suspects,1995,"Bryan Singer (dir.), Kevin Spacey, Gabriel Byrne",8.5,"9,71,146",/title/tt0114814/,"https://m.media-amazon.com/images/M/MV5BYTViNjMyNmUtNDFkNC00ZDRlLThmMDUtZDU2YWE4NGI2ZjVmXkEyXkFqcGdeQXVyNjU0OTQ0OTY@._V1_UX45_CR0,0,45,67_AL_.jpg"
33,Seppuku,1962,"Masaki Kobayashi (dir.), Tatsuya Nakadai, Akira Ishihama",8.5,"37,791",/title/tt0056058/,"https://m.media-amazon.com/images/M/MV5BYjBmYTQ1NjItZWU5MS00YjI0LTg2OTYtYmFkN2JkMmNiNWVkXkEyXkFqcGdeQXVyMTMxMTY0OTQ@._V1_UY67_CR2,0,45,67_AL_.jpg"
34,Hamilton,2020,"Thomas Kail (dir.), Lin-Manuel Miranda, Phillipa Soo",8.5,"40,247",/title/tt8503618/,"https://m.media-amazon.com/images/M/MV5BNjViNWRjYWEtZTI0NC00N2E3LTk0NGQtMjY4NTM3OGNkZjY0XkEyXkFqcGdeQXVyMjUxMTY3ODM@._V1_UY67_CR0,0,45,67_AL_.jpg"
35,The Lion King,1994,"Roger Allers (dir.), Matthew Broderick, Jeremy Irons",8.5,"9,19,584",/title/tt0110357/,"https://m.media-amazon.com/images/M/MV5BYTYxNGMyZTYtMjE3MS00MzNjLWFjNmYtMDk3N2FmM2JiM2M1XkEyXkFqcGdeQXVyNjY5NDU4NzI@._V1_UY67_CR0,0,45,67_AL_.jpg"
36,Back to the Future,1985,"Robert Zemeckis (dir.), Michael J. Fox, Christopher Lloyd",8.5,"10,30,495",/title/tt0088763/,"https://m.media-amazon.com/images/M/MV5BZmU0M2Y1OGUtZjIxNi00ZjBkLTg1MjgtOWIyNThiZWIwYjRiXkEyXkFqcGdeQXVyMTQxNzMzNDI@._V1_UX45_CR0,0,45,67_AL_.jpg"
37,The Pianist,2002,"Roman Polanski (dir.), Adrien Brody, Thomas Kretschmann",8.5,"7,09,903",/title/tt0253474/,"https://m.media-amazon.com/images/M/MV5BOWRiZDIxZjktMTA1NC00MDQ2LWEzMjUtMTliZmY3NjQ3ODJiXkEyXkFqcGdeQXVyNjU0OTQ0OTY@._V1_UY67_CR2,0,45,67_AL_.jpg"
38,Terminator 2: Judgment Day,1991,"James Cameron (dir.), Arnold Schwarzenegger, Linda Hamilton",8.5,"9,77,046",/title/tt0103064/,"https://m.media-amazon.com/images/M/MV5BMGU2NzRmZjUtOGUxYS00ZjdjLWEwZWItY2NlM2JhNjkxNTFmXkEyXkFqcGdeQXVyNjU0OTQ0OTY@._V1_UY67_CR0,0,45,67_AL_.jpg"
39,American History X,1998,"Tony Kaye (dir.), Edward Norton, Edward Furlong",8.5,"10,16,099",/title/tt0120586/,"https://m.media-amazon.com/images/M/MV5BZjA0MTM4MTQtNzY5MC00NzY3LWI1ZTgtYzcxMjkyMzU4MDZiXkEyXkFqcGdeQXVyNDYyMDk5MTU@._V1_UY67_CR0,0,45,67_AL_.jpg"
40,Modern Times,1936,"Charles Chaplin (dir.), Charles Chaplin, Paulette Goddard",8.5,"2,11,951",/title/tt0027977/,"https://m.media-amazon.com/images/M/MV5BYjJiZjMzYzktNjU0NS00OTkxLWEwYzItYzdhYWJjN2QzMTRlL2ltYWdlL2ltYWdlXkEyXkFqcGdeQXVyNjU0OTQ0OTY@._V1_UX45_CR0,0,45,67_AL_.jpg"
41,Psycho,1960,"Alfred Hitchcock (dir.), Anthony Perkins, Janet Leigh",8.5,"5,88,678",/title/tt0054215/,"https://m.media-amazon.com/images/M/MV5BNTQwNDM1YzItNDAxZC00NWY2LTk0M2UtNDIwNWI5OGUyNWUxXkEyXkFqcGdeQXVyNzkwMjQ5NzM@._V1_UY67_CR0,0,45,67_AL_.jpg"
42,Gladiator,2000,"Ridley Scott (dir.), Russell Crowe, Joaquin Phoenix",8.5,"13,11,291",/title/tt0172495/,"https://m.media-amazon.com/images/M/MV5BMDliMmNhNDEtODUyOS00MjNlLTgxODEtN2U3NzIxMGVkZTA1L2ltYWdlXkEyXkFqcGdeQXVyNjU0OTQ0OTY@._V1_UY67_CR0,0,45,67_AL_.jpg"
43,City Lights,1931,"Charles Chaplin (dir.), Charles Chaplin, Virginia Cherrill",8.5,"1,63,249",/title/tt0021749/,"https://m.media-amazon.com/images/M/MV5BY2I4MmM1N2EtM2YzOS00OWUzLTkzYzctNDc5NDg2N2IyODJmXkEyXkFqcGdeQXVyNzkwMjQ5NzM@._V1_UX45_CR0,0,45,67_AL_.jpg"
44,The Departed,2006,"Martin Scorsese (dir.), Leonardo DiCaprio, Matt Damon",8.5,"11,62,472",/title/tt0407887/,"https://m.media-amazon.com/images/M/MV5BMTI1MTY2OTIxNV5BMl5BanBnXkFtZTYwNjQ4NjY3._V1_UY67_CR0,0,45,67_AL_.jpg"
45,The Intouchables,2011,"Olivier Nakache (dir.), François Cluzet, Omar Sy",8.5,"7,38,623",/title/tt1675434/,"https://m.media-amazon.com/images/M/MV5BMTYxNDA3MDQwNl5BMl5BanBnXkFtZTcwNTU4Mzc1Nw@@._V1_UY67_CR0,0,45,67_AL_.jpg"
46,Whiplash,2014,"Damien Chazelle (dir.), Miles Teller, J.K. Simmons",8.5,"6,93,087",/title/tt2582802/,"https://m.media-amazon.com/images/M/MV5BOTA5NDZlZGUtMjAxOS00YTRkLTkwYmMtYWQ0NWEwZDZiNjEzXkEyXkFqcGdeQXVyMTMxODk2OTU@._V1_UY67_CR0,0,45,67_AL_.jpg"
47,The Prestige,2006,"Christopher Nolan (dir.), Christian Bale, Hugh Jackman",8.5,"11,59,622",/title/tt0482571/,"https://m.media-amazon.com/images/M/MV5BMjA4NDI0MTIxNF5BMl5BanBnXkFtZTYwNTM0MzY2._V1_UY67_CR0,0,45,67_AL_.jpg"
48,Hotaru no haka,1988,"Isao Takahata (dir.), Tsutomu Tatsumi, Ayano Shiraishi",8.5,"2,26,500",/title/tt0095327/,"https://m.media-amazon.com/images/M/MV5BZmY2NjUzNDQtNTgxNC00M2Q4LTljOWQtMjNjNDBjNWUxNmJlXkEyXkFqcGdeQXVyNTA4NzY1MzY@._V1_UX45_CR0,0,45,67_AL_.jpg"
49,Once Upon a Time in the West,1968,"Sergio Leone (dir.), Henry Fonda, Charles Bronson",8.4,"2,96,089",/title/tt0064116/,"https://m.media-amazon.com/images/M/MV5BZGI5MjBmYzYtMzJhZi00NGI1LTk3MzItYjBjMzcxM2U3MDdiXkEyXkFqcGdeQXVyNzkwMjQ5NzM@._V1_UX45_CR0,0,45,67_AL_.jpg"
50,Casablanca,1942,"Michael Curtiz (dir.), Humphrey Bogart, Ingrid Bergman",8.4,"5,11,220",/title/tt0034583/,"https://m.media-amazon.com/images/M/MV5BY2IzZGY2YmEtYzljNS00NTM5LTgwMzUtMzM1NjQ4NGI0OTk0XkEyXkFqcGdeQXVyNDYyMDk5MTU@._V1_UX45_CR0,0,45,67_AL_.jpg"
51,Nuovo Cinema Paradiso,1988,"Giuseppe Tornatore (dir.), Philippe Noiret, Enzo Cannavale",8.4,"2,23,867",/title/tt0095765/,"https://m.media-amazon.com/images/M/MV5BM2FhYjEyYmYtMDI1Yy00YTdlLWI2NWQtYmEzNzAxOGY1NjY2XkEyXkFqcGdeQXVyNTA3NTIyNDg@._V1_UY67_CR0,0,45,67_AL_.jpg"
52,Rear Window,1954,"Alfred Hitchcock (dir.), James Stewart, Grace Kelly",8.4,"4,33,674",/title/tt0047396/,"https://m.media-amazon.com/images/M/MV5BYjJkZGVjMDMtMzNmZS00NDQ3LWE1YWEtMDlmYjExMTA4MGFkXkEyXkFqcGdeQXVyODY0NzcxNw@@._V1_UX45_CR0,0,45,67_AL_.jpg"
53,Alien,1979,"Ridley Scott (dir.), Sigourney Weaver, Tom Skerritt",8.4,"7,70,802",/title/tt0078748/,"https://m.media-amazon.com/images/M/MV5BMmQ2MmU3NzktZjAxOC00ZDZhLTk4YzEtMDMyMzcxY2IwMDAyXkEyXkFqcGdeQXVyNzkwMjQ5NzM@._V1_UY67_CR0,0,45,67_AL_.jpg"
54,Apocalypse Now,1979,"Francis Ford Coppola (dir.), Martin Sheen, Marlon Brando",8.4,"5,92,702",/title/tt0078788/,"https://m.media-amazon.com/images/M/MV5BMDdhODg0MjYtYzBiOS00ZmI5LWEwZGYtZDEyNDU4MmQyNzFkXkEyXkFqcGdeQXVyNzkwMjQ5NzM@._V1_UX45_CR0,0,45,67_AL_.jpg"
55,Memento,2000,"Christopher Nolan (dir.), Guy Pearce, Carrie-Anne Moss",8.4,"11,02,255",/title/tt0209144/,"https://m.media-amazon.com/images/M/MV5BZTcyNjk1MjgtOWI3Mi00YzQwLWI5MTktMzY4ZmI2NDAyNzYzXkEyXkFqcGdeQXVyNjU0OTQ0OTY@._V1_UY67_CR0,0,45,67_AL_.jpg"
56,Raiders of the Lost Ark,1981,"Steven Spielberg (dir.), Harrison Ford, Karen Allen",8.4,"8,67,258",/title/tt0082971/,"https://m.media-amazon.com/images/M/MV5BMjA0ODEzMTc1Nl5BMl5BanBnXkFtZTcwODM2MjAxNA@@._V1_UX45_CR0,0,45,67_AL_.jpg"
57,The Great Dictator,1940,"Charles Chaplin (dir.), Charles Chaplin, Paulette Goddard",8.4,"1,98,006",/title/tt0032553/,"https://m.media-amazon.com/images/M/MV5BMmExYWJjNTktNGUyZS00ODhmLTkxYzAtNWIzOGEyMGNiMmUwXkEyXkFqcGdeQXVyNjU0OTQ0OTY@._V1_UY67_CR0,0,45,67_AL_.jpg"
58,Joker,2019,"Todd Phillips (dir.), Joaquin Phoenix, Robert De Niro",8.4,"8,65,514",/title/tt7286456/,"https://m.media-amazon.com/images/M/MV5BNGVjNWI4ZGUtNzE0MS00YTJmLWE0ZDctN2ZiYTk2YmI3NTYyXkEyXkFqcGdeQXVyMTkxNjUyNQ@@._V1_UY67_CR0,0,45,67_AL_.jpg"
59,Django Unchained,2012,"Quentin Tarantino (dir.), Jamie Foxx, Christoph Waltz",8.4,"13,21,565",/title/tt1853728/,"https://m.media-amazon.com/images/M/MV5BMjIyNTQ5NjQ1OV5BMl5BanBnXkFtZTcwODg1MDU4OA@@._V1_UY67_CR0,0,45,67_AL_.jpg"
60,The Lives of Others,2006,"Florian Henckel von Donnersmarck (dir.), Ulrich Mühe, Martina Gedeck",8.4,"3,50,511",/title/tt0405094/,"https://m.media-amazon.com/images/M/MV5BOThkM2EzYmMtNDE3NS00NjlhLTg4YzktYTdhNzgyOWY3ZDYzXkEyXkFqcGdeQXVyNzQzNzQxNzI@._V1_UY67_CR1,0,45,67_AL_.jpg"
61,Paths of Glory,1957,"Stanley Kubrick (dir.), Kirk Douglas, Ralph Meeker",8.4,"1,73,277",/title/tt0050825/,"https://m.media-amazon.com/images/M/MV5BNjViMmRkOTEtM2ViOS00ODg0LWJhYWEtNTBlOGQxNDczOGY3XkEyXkFqcGdeQXVyMDI2NDg0NQ@@._V1_UY67_CR1,0,45,67_AL_.jpg"
62,WALL·E,2008,"Andrew Stanton (dir.), Ben Burtt, Elissa Knight",8.4,"9,77,007",/title/tt0910970/,"https://m.media-amazon.com/images/M/MV5BMjExMTg5OTU0NF5BMl5BanBnXkFtZTcwMjMxMzMzMw@@._V1_UY67_CR0,0,45,67_AL_.jpg"
63,The Shining,1980,"Stanley Kubrick (dir.), Jack Nicholson, Shelley Duvall",8.4,"8,72,135",/title/tt0081505/,"https://m.media-amazon.com/images/M/MV5BZWFlYmY2MGEtZjVkYS00YzU4LTg0YjQtYzY1ZGE3NTA5NGQxXkEyXkFqcGdeQXVyMTQxNzMzNDI@._V1_UX45_CR0,0,45,67_AL_.jpg"
64,Avengers: Infinity War,2018,"Anthony Russo (dir.), Robert Downey Jr., Chris Hemsworth",8.4,"8,00,272",/title/tt4154756/,"https://m.media-amazon.com/images/M/MV5BMjMxNjY2MDU1OV5BMl5BanBnXkFtZTgwNzY1MTUwNTM@._V1_UY67_CR0,0,45,67_AL_.jpg"
65,Sunset Blvd,1950,"Billy Wilder (dir.), William Holden, Gloria Swanson",8.4,"1,96,465",/title/tt0043014/,"https://m.media-amazon.com/images/M/MV5BMTU0NTkyNzYwMF5BMl5BanBnXkFtZTgwMDU0NDk5MTI@._V1_UX45_CR0,0,45,67_AL_.jpg"
66,Witness for the Prosecution,1957,"Billy Wilder (dir.), Tyrone Power, Marlene Dietrich",8.4,"1,05,066",/title/tt0051201/,"https://m.media-amazon.com/images/M/MV5BNDQwODU5OWYtNDcyNi00MDQ1LThiOGMtZDkwNWJiM2Y3MDg0XkEyXkFqcGdeQXVyMDI2NDg0NQ@@._V1_UX45_CR0,0,45,67_AL_.jpg"
67,Spider-Man: Into the Spider-Verse,2018,"Bob Persichetti (dir.), Shameik Moore, Jake Johnson",8.4,"3,38,664",/title/tt4633694/,"https://m.media-amazon.com/images/M/MV5BMjMwNDkxMTgzOF5BMl5BanBnXkFtZTgwNTkwNTQ3NjM@._V1_UY67_CR0,0,45,67_AL_.jpg"
68,Mononoke-hime,1997,"Hayao Miyazaki (dir.), Yôji Matsuda, Yuriko Ishida",8.4,"3,32,266",/title/tt0119698/,"https://m.media-amazon.com/images/M/MV5BNGIzY2IzODQtNThmMi00ZDE4LWI5YzAtNzNlZTM1ZjYyYjUyXkEyXkFqcGdeQXVyODEzNjM5OTQ@._V1_UX45_CR0,0,45,67_AL_.jpg"
69,Oldeuboi,2003,"Chan-wook Park (dir.), Min-sik Choi, Ji-Tae Yoo",8.4,"5,02,526",/title/tt0364569/,"https://m.media-amazon.com/images/M/MV5BMTI3NTQyMzU5M15BMl5BanBnXkFtZTcwMTM2MjgyMQ@@._V1_UY67_CR0,0,45,67_AL_.jpg"
70,Dr Strangelove or: How I Learned to Stop Worrying and Love the Bomb,1964,"Stanley Kubrick (dir.), Peter Sellers, George C. Scott",8.4,"4,42,066",/title/tt0057012/,"https://m.media-amazon.com/images/M/MV5BZWI3ZTMxNjctMjdlNS00NmUwLWFiM2YtZDUyY2I3N2MxYTE0XkEyXkFqcGdeQXVyNzkwMjQ5NzM@._V1_UX45_CR0,0,45,67_AL_.jpg"
71,The Dark Knight Rises,2012,"Christopher Nolan (dir.), Christian Bale, Tom Hardy",8.3,"14,84,663",/title/tt1345836/,"https://m.media-amazon.com/images/M/MV5BMTk4ODQzNDY3Ml5BMl5BanBnXkFtZTcwODA0NTM4Nw@@._V1_UY67_CR0,0,45,67_AL_.jpg"
72,Once Upon a Time in America,1984,"Sergio Leone (dir.), Robert De Niro, James Woods",8.3,"3,03,236",/title/tt0087843/,"https://m.media-amazon.com/images/M/MV5BMGFkNWI4MTMtNGQ0OC00MWVmLTk3MTktOGYxN2Y2YWVkZWE2XkEyXkFqcGdeQXVyNjU0OTQ0OTY@._V1_UX45_CR0,0,45,67_AL_.jpg"
73,Aliens,1986,"James Cameron (dir.), Sigourney Weaver, Michael Biehn",8.3,"6,40,865",/title/tt0090605/,"https://m.media-amazon.com/images/M/MV5BZGU2OGY5ZTYtMWNhYy00NjZiLWI0NjUtZmNhY2JhNDRmODU3XkEyXkFqcGdeQXVyNzkwMjQ5NzM@._V1_UX45_CR0,0,45,67_AL_.jpg"
74,Avengers: Endgame,2019,"Anthony Russo (dir.), Robert Downey Jr., Chris Evans",8.3,"7,61,396",/title/tt4154796/,"https://m.media-amazon.com/images/M/MV5BMTc5MDE2ODcwNV5BMl5BanBnXkFtZTgwMzI2NzQ2NzM@._V1_UY67_CR0,0,45,67_AL_.jpg"
75,Kimi no na wa,2016,"Makoto Shinkai (dir.), Ryûnosuke Kamiki, Mone Kamishiraishi",8.3,"1,80,144",/title/tt5311514/,"https://m.media-amazon.com/images/M/MV5BODRmZDVmNzUtZDA4ZC00NjhkLWI2M2UtN2M0ZDIzNDcxYThjL2ltYWdlXkEyXkFqcGdeQXVyNTk0MzMzODA@._V1_UY67_CR0,0,45,67_AL_.jpg"
76,Coco,2017,"Lee Unkrich (dir.), Anthony Gonzalez, Gael García Bernal",8.3,"3,54,771",/title/tt2380307/,"https://m.media-amazon.com/images/M/MV5BYjQ5NjM0Y2YtNjZkNC00ZDhkLWJjMWItN2QyNzFkMDE3ZjAxXkEyXkFqcGdeQXVyODIxMzk5NjA@._V1_UY67_CR1,0,45,67_AL_.jpg"
77,American Beauty,1999,"Sam Mendes (dir.), Kevin Spacey, Annette Bening",8.3,"10,51,066",/title/tt0169547/,"https://m.media-amazon.com/images/M/MV5BNTBmZWJkNjctNDhiNC00MGE2LWEwOTctZTk5OGVhMWMyNmVhXkEyXkFqcGdeQXVyMTMxODk2OTU@._V1_UY67_CR0,0,45,67_AL_.jpg"
78,Braveheart,1995,"Mel Gibson (dir.), Mel Gibson, Sophie Marceau",8.3,"9,43,269",/title/tt0112573/,"https://m.media-amazon.com/images/M/MV5BMzkzMmU0YTYtOWM3My00YzBmLWI0YzctOGYyNTkwMWE5MTJkXkEyXkFqcGdeQXVyNzkwMjQ5NzM@._V1_UY67_CR0,0,45,67_AL_.jpg"
79,3 Idiots,2009,"Rajkumar Hirani (dir.), Aamir Khan, Madhavan",8.3,"3,33,425",/title/tt1187043/,"https://m.media-amazon.com/images/M/MV5BNTkyOGVjMGEtNmQzZi00NzFlLTlhOWQtODYyMDc2ZGJmYzFhXkEyXkFqcGdeQXVyNjU0OTQ0OTY@._V1_UY67_CR1,0,45,67_AL_.jpg"
80,Das Boot,1981,"Wolfgang Petersen (dir.), Jürgen Prochnow, Herbert Grönemeyer",8.3,"2,27,034",/title/tt0082096/,"https://m.media-amazon.com/images/M/MV5BNGRmOWY0MGUtNTVhMy00NzRlLTljNDAtNTBiNTRlODgxNmY2XkEyXkFqcGdeQXVyNjc1NTYyMjg@._V1_UY67_CR1,0,45,67_AL_.jpg"
81,Toy Story,1995,"John Lasseter (dir.), Tom Hanks, Tim Allen",8.3,"8,66,604",/title/tt0114709/,"https://m.media-amazon.com/images/M/MV5BMDU2ZWJlMjktMTRhMy00ZTA5LWEzNDgtYmNmZTEwZTViZWJkXkEyXkFqcGdeQXVyNDQ2OTk4MzI@._V1_UX45_CR0,0,45,67_AL_.jpg"
82,Tengoku to jigoku,1963,"Akira Kurosawa (dir.), Toshirô Mifune, Yutaka Sada",8.3,"31,583",/title/tt0057565/,"https://m.media-amazon.com/images/M/MV5BOTI4NTNhZDMtMWNkZi00MTRmLWJmZDQtMmJkMGVmZTEzODlhXkEyXkFqcGdeQXVyNjc1NTYyMjg@._V1_UX45_CR0,0,45,67_AL_.jpg"
83,Amadeus,1984,"Milos Forman (dir.), F. Murray Abraham, Tom Hulce",8.3,"3,61,866",/title/tt0086879/,"https://m.media-amazon.com/images/M/MV5BNWJlNzUzNGMtYTAwMS00ZjI2LWFmNWQtODcxNWUxODA5YmU1XkEyXkFqcGdeQXVyNTIzOTk5ODM@._V1_UX45_CR0,0,45,67_AL_.jpg"
84,Taare Zameen Par,2007,"Aamir Khan (dir.), Darsheel Safary, Aamir Khan",8.3,"1,62,563",/title/tt0986264/,"https://m.media-amazon.com/images/M/MV5BMDhjZWViN2MtNzgxOS00NmI4LThiZDQtZDI3MzM4MDE4NTc0XkEyXkFqcGdeQXVyMTMxODk2OTU@._V1_UY67_CR1,0,45,67_AL_.jpg"
85,Star Wars: Episode VI - Return of the Jedi,1983,"Richard Marquand (dir.), Mark Hamill, Harrison Ford",8.3,"9,30,024",/title/tt0086190/,"https://m.media-amazon.com/images/M/MV5BOWZlMjFiYzgtMTUzNC00Y2IzLTk1NTMtZmNhMTczNTk0ODk1XkEyXkFqcGdeQXVyNTAyODkwOQ@@._V1_UX45_CR0,0,45,67_AL_.jpg"
86,Inglourious Basterds,2009,"Quentin Tarantino (dir.), Brad Pitt, Diane Kruger",8.3,"12,33,282",/title/tt0361748/,"https://m.media-amazon.com/images/M/MV5BOTJiNDEzOWYtMTVjOC00ZjlmLWE0NGMtZmE1OWVmZDQ2OWJhXkEyXkFqcGdeQXVyNTIzOTk5ODM@._V1_UY67_CR0,0,45,67_AL_.jpg"
87,Capharnaüm,2018,"Nadine Labaki (dir.), Zain Al Rafeea, Yordanos Shiferaw",8.3,"54,547",/title/tt8267604/,"https://m.media-amazon.com/images/M/MV5BMmExNzU2ZWMtYzUwYi00YmM2LTkxZTQtNmVhNjY0NTMyMWI2XkEyXkFqcGdeQXVyMTMxODk2OTU@._V1_UY67_CR0,0,45,67_AL_.jpg"
88,Reservoir Dogs,1992,"Quentin Tarantino (dir.), Harvey Keitel, Tim Roth",8.3,"8,98,661",/title/tt0105236/,"https://m.media-amazon.com/images/M/MV5BZmExNmEwYWItYmQzOS00YjA5LTk2MjktZjEyZDE1Y2QxNjA1XkEyXkFqcGdeQXVyMTQxNzMzNDI@._V1_UX45_CR0,0,45,67_AL_.jpg"
89,Good Will Hunting,1997,"Gus Van Sant (dir.), Robin Williams, Matt Damon",8.3,"8,39,790",/title/tt0119217/,"https://m.media-amazon.com/images/M/MV5BOTI0MzcxMTYtZDVkMy00NjY1LTgyMTYtZmUxN2M3NmQ2NWJhXkEyXkFqcGdeQXVyMTQxNzMzNDI@._V1_UX45_CR0,0,45,67_AL_.jpg"
90,2001: A Space Odyssey,1968,"Stanley Kubrick (dir.), Keir Dullea, Gary Lockwood",8.3,"5,89,519",/title/tt0062622/,"https://m.media-amazon.com/images/M/MV5BMmNlYzRiNDctZWNhMi00MzI4LThkZTctMTUzMmZkMmFmNThmXkEyXkFqcGdeQXVyNzkwMjQ5NzM@._V1_UY67_CR0,0,45,67_AL_.jpg"
91,Requiem for a Dream,2000,"Darren Aronofsky (dir.), Ellen Burstyn, Jared Leto",8.3,"7,50,227",/title/tt0180093/,"https://m.media-amazon.com/images/M/MV5BOTdiNzJlOWUtNWMwNS00NmFlLWI0YTEtZmI3YjIzZWUyY2Y3XkEyXkFqcGdeQXVyNjU0OTQ0OTY@._V1_UX45_CR0,0,45,67_AL_.jpg"
92,Vertigo,1958,"Alfred Hitchcock (dir.), James Stewart, Kim Novak",8.3,"3,54,121",/title/tt0052357/,"https://m.media-amazon.com/images/M/MV5BYTE4ODEwZDUtNDFjOC00NjAxLWEzYTQtYTI1NGVmZmFlNjdiL2ltYWdlL2ltYWdlXkEyXkFqcGdeQXVyNjc1NTYyMjg@._V1_UX45_CR0,0,45,67_AL_.jpg"
93,M - Eine Stadt sucht einen Mörder,1931,"Fritz Lang (dir.), Peter Lorre, Ellen Widmann",8.3,"1,39,762",/title/tt0022100/,"https://m.media-amazon.com/images/M/MV5BODA4ODk3OTEzMF5BMl5BanBnXkFtZTgwMTQ2ODMwMzE@._V1_UX45_CR0,0,45,67_AL_.jpg"
94,Dangal,2016,"Nitesh Tiwari (dir.), Aamir Khan, Sakshi Tanwar",8.3,"1,48,732",/title/tt5074352/,"https://m.media-amazon.com/images/M/MV5BMTQ4MzQzMzM2Nl5BMl5BanBnXkFtZTgwMTQ1NzU3MDI@._V1_UY67_CR1,0,45,67_AL_.jpg"
95,Eternal Sunshine of the Spotless Mind,2004,"Michel Gondry (dir.), Jim Carrey, Kate Winslet",8.3,"8,92,306",/title/tt0338013/,"https://m.media-amazon.com/images/M/MV5BMTY4NzcwODg3Nl5BMl5BanBnXkFtZTcwNTEwOTMyMw@@._V1_UY67_CR0,0,45,67_AL_.jpg"
96,1917,2019,"Sam Mendes (dir.), Dean-Charles Chapman, George MacKay",8.3,"3,68,691",/title/tt8579674/,"https://m.media-amazon.com/images/M/MV5BOTdmNTFjNDEtNzg0My00ZjkxLTg1ZDAtZTdkMDc2ZmFiNWQ1XkEyXkFqcGdeQXVyNTAzNzgwNTg@._V1_UX45_CR0,0,45,67_AL_.jpg"
97,Jagten,2012,"Thomas Vinterberg (dir.), Mads Mikkelsen, Thomas Bo Larsen",8.3,"2,70,584",/title/tt2106476/,"https://m.media-amazon.com/images/M/MV5BNDM2MzMwMzcxNF5BMl5BanBnXkFtZTcwNTczMDk3OA@@._V1_UY67_CR0,0,45,67_AL_.jpg"
98,Citizen Kane,1941,"Orson Welles (dir.), Orson Welles, Joseph Cotten",8.3,"3,90,327",/title/tt0033467/,"https://m.media-amazon.com/images/M/MV5BYjBiOTYxZWItMzdiZi00NjlkLWIzZTYtYmFhZjhiMTljOTdkXkEyXkFqcGdeQXVyNzkwMjQ5NzM@._V1_UX45_CR0,0,45,67_AL_.jpg"
99,Full Metal Jacket,1987,"Stanley Kubrick (dir.), Matthew Modine, R. Lee Ermey",8.2,"6,59,897",/title/tt0093058/,"https://m.media-amazon.com/images/M/MV5BNzkxODk0NjEtYjc4Mi00ZDI0LTgyYjEtYzc1NDkxY2YzYTgyXkEyXkFqcGdeQXVyNzkwMjQ5NzM@._V1_UX45_CR0,0,45,67_AL_.jpg"
100, Ladri di biciclette,1948,"Vittorio De Sica (dir.), Lamberto Maggiorani, Enzo Staiola",8.2,"1,42,048",/title/tt0040522/,"https://m.media-amazon.com/images/M/MV5BNmI1ODdjODctMDlmMC00ZWViLWI5MzYtYzRhNDdjYmM3MzFjXkEyXkFqcGdeQXVyMTMxODk2OTU@._V1_UY67_CR0,0,45,67_AL_.jpg"
101,The Kid,1921,"Charles Chaplin (dir.), Charles Chaplin, Edna Purviance",8.2,"1,09,524",/title/tt0012349/,"https://m.media-amazon.com/images/M/MV5BZjhhMThhNDItNTY2MC00MmU1LTliNDEtNDdhZjdlNTY5ZDQ1XkEyXkFqcGdeQXVyNjc1NTYyMjg@._V1_UX45_CR0,0,45,67_AL_.jpg"
102,A Clockwork Orange,1971,"Stanley Kubrick (dir.), Malcolm McDowell, Patrick Magee",8.2,"7,42,030",/title/tt0066921/,"https://m.media-amazon.com/images/M/MV5BMTY3MjM1Mzc4N15BMl5BanBnXkFtZTgwODM0NzAxMDE@._V1_UY67_CR0,0,45,67_AL_.jpg"
103,North by Northwest,1959,"Alfred Hitchcock (dir.), Cary Grant, Eva Marie Saint",8.2,"2,92,440",/title/tt0053125/,"https://m.media-amazon.com/images/M/MV5BZDA3NDExMTUtMDlhOC00MmQ5LWExZGUtYmI1NGVlZWI4OWNiXkEyXkFqcGdeQXVyNjc1NTYyMjg@._V1_UX45_CR0,0,45,67_AL_.jpg"
104,Singin' in the Rain,1952,"Stanley Donen (dir.), Gene Kelly, Donald O'Connor",8.2,"2,13,749",/title/tt0045152/,"https://m.media-amazon.com/images/M/MV5BMWUyNjQ5MTAtNDJhYS00MWQ0LTk2ZTAtZmE4MWNlMjMwMzg3XkEyXkFqcGdeQXVyNTA4NzY1MzY@._V1_UX45_CR0,0,45,67_AL_.jpg"
105,Snatch,2000,"Guy Ritchie (dir.), Jason Statham, Brad Pitt",8.2,"7,68,027",/title/tt0208092/,"https://m.media-amazon.com/images/M/MV5BMTA2NDYxOGYtYjU1Mi00Y2QzLTgxMTQtMWI1MGI0ZGQ5MmU4XkEyXkFqcGdeQXVyNDk3NzU2MTQ@._V1_UY67_CR0,0,45,67_AL_.jpg"
106,Scarface,1983,"Brian De Palma (dir.), Al Pacino, Michelle Pfeiffer",8.2,"7,23,206",/title/tt0086250/,"https://m.media-amazon.com/images/M/MV5BNjdjNGQ4NDEtNTEwYS00MTgxLTliYzQtYzE2ZDRiZjFhZmNlXkEyXkFqcGdeQXVyNjU0OTQ0OTY@._V1_UX45_CR0,0,45,67_AL_.jpg"
107,Taxi Driver,1976,"Martin Scorsese (dir.), Robert De Niro, Jodie Foster",8.2,"7,05,405",/title/tt0075314/,"https://m.media-amazon.com/images/M/MV5BM2M1MmVhNDgtNmI0YS00ZDNmLTkyNjctNTJiYTQ2N2NmYzc2XkEyXkFqcGdeQXVyNzkwMjQ5NzM@._V1_UX45_CR0,0,45,67_AL_.jpg"
108,Ikiru,1952,"Akira Kurosawa (dir.), Takashi Shimura, Nobuo Kaneko",8.2,"65,715",/title/tt0044741/,"https://m.media-amazon.com/images/M/MV5BZmM0NGY3Y2MtMTA1YS00YmQzLTk2YTctYWFhMDkzMDRjZWQzXkEyXkFqcGdeQXVyNTA4NzY1MzY@._V1_UX45_CR0,0,45,67_AL_.jpg"
109,Lawrence of Arabia,1962,"David Lean (dir.), Peter O'Toole, Alec Guinness",8.2,"2,62,196",/title/tt0056172/,"https://m.media-amazon.com/images/M/MV5BYWY5ZjhjNGYtZmI2Ny00ODM0LWFkNzgtZmI1YzA2N2MxMzA0XkEyXkFqcGdeQXVyNjUwNzk3NDc@._V1_UY67_CR0,0,45,67_AL_.jpg"
110,Amélie,2001,"Jean-Pierre Jeunet (dir.), Audrey Tautou, Mathieu Kassovitz",8.2,"6,91,741",/title/tt0211915/,"https://m.media-amazon.com/images/M/MV5BNDg4NjM1YjMtYmNhZC00MjM0LWFiZmYtNGY1YjA3MzZmODc5XkEyXkFqcGdeQXVyNDk3NzU2MTQ@._V1_UX45_CR0,0,45,67_AL_.jpg"
111,Toy Story 3,2010,"Lee Unkrich (dir.), Tom Hanks, Tim Allen",8.2,"7,41,314",/title/tt0435761/,"https://m.media-amazon.com/images/M/MV5BMTgxOTY4Mjc0MF5BMl5BanBnXkFtZTcwNTA4MDQyMw@@._V1_UY67_CR1,0,45,67_AL_.jpg"
112,The Sting,1973,"George Roy Hill (dir.), Paul Newman, Robert Redford",8.2,"2,36,842",/title/tt0070735/,"https://m.media-amazon.com/images/M/MV5BNGU3NjQ4YTMtZGJjOS00YTQ3LThmNmItMTI5MDE2ODI3NzY3XkEyXkFqcGdeQXVyMjUzOTY1NTc@._V1_UX45_CR0,0,45,67_AL_.jpg"
113,Metropolis,1927,"Fritz Lang (dir.), Brigitte Helm, Alfred Abel",8.2,"1,56,543",/title/tt0017136/,"https://m.media-amazon.com/images/M/MV5BMTg5YWIyMWUtZDY5My00Zjc1LTljOTctYmI0MWRmY2M2NmRkXkEyXkFqcGdeQXVyMTMxODk2OTU@._V1_UY67_CR0,0,45,67_AL_.jpg"
114,Jodaeiye Nader az Simin,2011,"Asghar Farhadi (dir.), Payman Maadi, Leila Hatami",8.2,"2,14,692",/title/tt1832382/,"https://m.media-amazon.com/images/M/MV5BMzg2NjkxMzAxNV5BMl5BanBnXkFtZTcwMjMwNzgwNQ@@._V1_UY67_CR2,0,45,67_AL_.jpg"
115,Per qualche dollaro in più,1965,"Sergio Leone (dir.), Clint Eastwood, Lee Van Cleef",8.2,"2,26,812",/title/tt0059578/,"https://m.media-amazon.com/images/M/MV5BNWM1NmYyM2ItMTFhNy00NDU0LThlYWUtYjQyYTJmOTY0ZmM0XkEyXkFqcGdeQXVyNjU0OTQ0OTY@._V1_UX45_CR0,0,45,67_AL_.jpg"
116,Incendies,2010,"Denis Villeneuve (dir.), Lubna Azabal, Mélissa Désormeaux-Poulin",8.2,"1,43,381",/title/tt1255953/,"https://m.media-amazon.com/images/M/MV5BMWE3MGYzZjktY2Q5Mi00Y2NiLWIyYWUtMmIyNzA3YmZlMGFhXkEyXkFqcGdeQXVyMTMxODk2OTU@._V1_UX45_CR0,0,45,67_AL_.jpg"
117,The Apartment,1960,"Billy Wilder (dir.), Jack Lemmon, Shirley MacLaine",8.2,"1,59,634",/title/tt0053604/,"https://m.media-amazon.com/images/M/MV5BNzkwODFjNzItMmMwNi00MTU5LWE2MzktM2M4ZDczZGM1MmViXkEyXkFqcGdeQXVyNDY2MTk1ODk@._V1_UX45_CR0,0,45,67_AL_.jpg"
118,Double Indemnity,1944,"Billy Wilder (dir.), Fred MacMurray, Barbara Stanwyck",8.2,"1,40,006",/title/tt0036775/,"https://m.media-amazon.com/images/M/MV5BOTdlNjgyZGUtOTczYi00MDdhLTljZmMtYTEwZmRiOWFkYjRhXkEyXkFqcGdeQXVyNDY2MTk1ODk@._V1_UX45_CR0,0,45,67_AL_.jpg"
119,Idi i smotri,1985,"Elem Klimov (dir.), Aleksey Kravchenko, Olga Mironova",8.2,"54,795",/title/tt0091251/,"https://m.media-amazon.com/images/M/MV5BODM4Njg0NTAtYjI5Ny00ZjAxLTkwNmItZTMxMWU5M2U3M2RjXkEyXkFqcGdeQXVyNzkwMjQ5NzM@._V1_UX45_CR0,0,45,67_AL_.jpg"
120,To Kill a Mockingbird,1962,"Robert Mulligan (dir.), Gregory Peck, John Megna",8.2,"2,89,332",/title/tt0056592/,"https://m.media-amazon.com/images/M/MV5BNmVmYzcwNzMtMWM1NS00MWIyLThlMDEtYzUwZDgzODE1NmE2XkEyXkFqcGdeQXVyNzkwMjQ5NzM@._V1_UX45_CR0,0,45,67_AL_.jpg"
121,Indiana Jones and the Last Crusade,1989,"Steven Spielberg (dir.), Harrison Ford, Sean Connery",8.2,"6,78,422",/title/tt0097576/,"https://m.media-amazon.com/images/M/MV5BMjNkMzc2N2QtNjVlNS00ZTk5LTg0MTgtODY2MDAwNTMwZjBjXkEyXkFqcGdeQXVyNDk3NzU2MTQ@._V1_UY67_CR0,0,45,67_AL_.jpg"
122,Up,2009,"Pete Docter (dir.), Edward Asner, Jordan Nagai",8.2,"9,13,671",/title/tt1049413/,"https://m.media-amazon.com/images/M/MV5BMTk3NDE2NzI4NF5BMl5BanBnXkFtZTgwNzE1MzEyMTE@._V1_UX45_CR0,0,45,67_AL_.jpg"
123,LA Confidential,1997,"Curtis Hanson (dir.), Kevin Spacey, Russell Crowe",8.2,"5,22,554",/title/tt0119488/,"https://m.media-amazon.com/images/M/MV5BMDQ2YzEyZGItYWRhOS00MjBmLTkzMDUtMTdjYzkyMmQxZTJlXkEyXkFqcGdeQXVyNjU0OTQ0OTY@._V1_UY67_CR0,0,45,67_AL_.jpg"
124,Heat,1995,"Michael Mann (dir.), Al Pacino, Robert De Niro",8.2,"5,63,811",/title/tt0113277/,"https://m.media-amazon.com/images/M/MV5BNGMwNzUwNjYtZWM5NS00YzMyLWI4NjAtNjM0ZDBiMzE1YWExXkEyXkFqcGdeQXVyNDk3NzU2MTQ@._V1_UY67_CR0,0,45,67_AL_.jpg"
125,Monty Python and the Holy Grail,1975,"Terry Gilliam (dir.), Graham Chapman, John Cleese",8.2,"4,92,587",/title/tt0071853/,"https://m.media-amazon.com/images/M/MV5BN2IyNTE4YzUtZWU0Mi00MGIwLTgyMmQtMzQ4YzQxYWNlYWE2XkEyXkFqcGdeQXVyNjU0OTQ0OTY@._V1_UX45_CR0,0,45,67_AL_.jpg"
126,Die Hard,1988,"John McTiernan (dir.), Bruce Willis, Alan Rickman",8.2,"7,69,354",/title/tt0095016/,"https://m.media-amazon.com/images/M/MV5BZjRlNDUxZjAtOGQ4OC00OTNlLTgxNmQtYTBmMDgwZmNmNjkxXkEyXkFqcGdeQXVyNzkwMjQ5NzM@._V1_UX45_CR0,0,45,67_AL_.jpg"
127,Rashômon,1950,"Akira Kurosawa (dir.), Toshirô Mifune, Machiko Kyô",8.2,"1,48,679",/title/tt0042876/,"https://m.media-amazon.com/images/M/MV5BMjEzMzA4NDE2OF5BMl5BanBnXkFtZTcwNTc5MDI2NQ@@._V1_UY67_CR0,0,45,67_AL_.jpg"
128,Yôjinbô,1961,"Akira Kurosawa (dir.), Toshirô Mifune, Eijirô Tôno",8.2,"1,07,998",/title/tt0055630/,"https://m.media-amazon.com/images/M/MV5BZThiZjAzZjgtNDU3MC00YThhLThjYWUtZGRkYjc2ZWZlOTVjXkEyXkFqcGdeQXVyNTA4NzY1MzY@._V1_UX45_CR0,0,45,67_AL_.jpg"
129,Batman Begins,2005,"Christopher Nolan (dir.), Christian Bale, Michael Caine",8.2,"12,81,672",/title/tt0372784/,"https://m.media-amazon.com/images/M/MV5BOTY4YjI2N2MtYmFlMC00ZjcyLTg3YjEtMDQyM2ZjYzQ5YWFkXkEyXkFqcGdeQXVyMTQxNzMzNDI@._V1_UY67_CR0,0,45,67_AL_.jpg"
130,Green Book,2018,"Peter Farrelly (dir.), Viggo Mortensen, Mahershala Ali",8.2,"3,44,748",/title/tt6966692/,"https://m.media-amazon.com/images/M/MV5BYzIzYmJlYTYtNGNiYy00N2EwLTk4ZjItMGYyZTJiOTVkM2RlXkEyXkFqcGdeQXVyODY1NDk1NjE@._V1_UX45_CR0,0,45,67_AL_.jpg"
131,Der Untergang,2004,"Oliver Hirschbiegel (dir.), Bruno Ganz, Alexandra Maria Lara",8.2,"3,25,386",/title/tt0363163/,"https://m.media-amazon.com/images/M/MV5BMTU0NTU5NTAyMl5BMl5BanBnXkFtZTYwNzYwMDg2._V1_UY67_CR0,0,45,67_AL_.jpg"
132,Bacheha-Ye aseman,1997,"Majid Majidi (dir.), Mohammad Amir Naji, Amir Farrokh Hashemian",8.2,"62,678",/title/tt0118849/,"https://m.media-amazon.com/images/M/MV5BZTYwZWQ4ZTQtZWU0MS00N2YwLWEzMDItZWFkZWY0MWVjODVhXkEyXkFqcGdeQXVyNjU0OTQ0OTY@._V1_UX45_CR0,0,45,67_AL_.jpg"
133,Unforgiven,1992,"Clint Eastwood (dir.), Clint Eastwood, Gene Hackman",8.2,"3,68,262",/title/tt0105695/,"https://m.media-amazon.com/images/M/MV5BODM3YWY4NmQtN2Y3Ni00OTg0LWFhZGQtZWE3ZWY4MTJlOWU4XkEyXkFqcGdeQXVyNjU0OTQ0OTY@._V1_UX45_CR0,0,45,67_AL_.jpg"
134,Some Like It Hot,1959,"Billy Wilder (dir.), Marilyn Monroe, Tony Curtis",8.2,"2,38,688",/title/tt0053291/,"https://m.media-amazon.com/images/M/MV5BNzAyOGIxYjAtMGY2NC00ZTgyLWIwMWEtYzY0OWQ4NDFjOTc5XkEyXkFqcGdeQXVyNjU0OTQ0OTY@._V1_UX45_CR0,0,45,67_AL_.jpg"
135,Ran,1985,"Akira Kurosawa (dir.), Tatsuya Nakadai, Akira Terao",8.2,"1,09,268",/title/tt0089881/,"https://m.media-amazon.com/images/M/MV5BZDBjZTM4ZmEtOTA5ZC00NTQzLTkyNzYtMmUxNGU2YjI5YjU5L2ltYWdlXkEyXkFqcGdeQXVyNTAyODkwOQ@@._V1_UY67_CR1,0,45,67_AL_.jpg"
136,Anand,1971,"Hrishikesh Mukherjee (dir.), Rajesh Khanna, Amitabh Bachchan",8.2,"28,430",/title/tt0066763/,"https://m.media-amazon.com/images/M/MV5BYmYzNmM2MDctZGY3Yi00NjRiLWIxZjctYjgzYTcxYTNhYTMyXkEyXkFqcGdeQXVyMjUxMTY3ODM@._V1_UY67_CR1,0,45,67_AL_.jpg"
137,Hauru no ugoku shiro,2004,"Hayao Miyazaki (dir.), Chieko Baishô, Takuya Kimura",8.2,"3,20,638",/title/tt0347149/,"https://m.media-amazon.com/images/M/MV5BNmM4YTFmMmItMGE3Yy00MmRkLTlmZGEtMzZlOTQzYjk3MzA2XkEyXkFqcGdeQXVyMTMxODk2OTU@._V1_UX45_CR0,0,45,67_AL_.jpg"
138,A Beautiful Mind,2001,"Ron Howard (dir.), Russell Crowe, Ed Harris",8.2,"8,29,642",/title/tt0268978/,"https://m.media-amazon.com/images/M/MV5BMzcwYWFkYzktZjAzNC00OGY1LWI4YTgtNzc5MzVjMDVmNjY0XkEyXkFqcGdeQXVyMTQxNzMzNDI@._V1_UY67_CR0,0,45,67_AL_.jpg"
139,All About Eve,1950,"Joseph L. Mankiewicz (dir.), Bette Davis, Anne Baxter",8.2,"1,17,973",/title/tt0042192/,"https://m.media-amazon.com/images/M/MV5BMTY2MTAzODI5NV5BMl5BanBnXkFtZTgwMjM4NzQ0MjE@._V1_UX45_CR0,0,45,67_AL_.jpg"
140,The Great Escape,1963,"John Sturges (dir.), Steve McQueen, James Garner",8.2,"2,20,204",/title/tt0057115/,"https://m.media-amazon.com/images/M/MV5BNzA2NmYxMWUtNzBlMC00MWM2LTkwNmQtYTFlZjQwODNhOWE0XkEyXkFqcGdeQXVyNTIzOTk5ODM@._V1_UX45_CR0,0,45,67_AL_.jpg"
141,Casino,1995,"Martin Scorsese (dir.), Robert De Niro, Sharon Stone",8.2,"4,54,280",/title/tt0112641/,"https://m.media-amazon.com/images/M/MV5BMTcxOWYzNDYtYmM4YS00N2NkLTk0NTAtNjg1ODgwZjAxYzI3XkEyXkFqcGdeQXVyNTA4NzY1MzY@._V1_UX45_CR0,0,45,67_AL_.jpg"
142,Pan's Labyrinth,2006,"Guillermo del Toro (dir.), Ivana Baquero, Ariadna Gil",8.2,"6,08,103",/title/tt0457430/,"https://m.media-amazon.com/images/M/MV5BMTU3ODg2NjQ5NF5BMl5BanBnXkFtZTcwMDEwODgzMQ@@._V1_UY67_CR0,0,45,67_AL_.jpg"
143,The Wolf of Wall Street,2013,"Martin Scorsese (dir.), Leonardo DiCaprio, Jonah Hill",8.2,"11,45,402",/title/tt0993846/,"https://m.media-amazon.com/images/M/MV5BMjIxMjgxNTk0MF5BMl5BanBnXkFtZTgwNjIyOTg2MDE@._V1_UY67_CR0,0,45,67_AL_.jpg"
144,El secreto de sus ojos,2009,"Juan José Campanella (dir.), Ricardo Darín, Soledad Villamil",8.2,"1,88,439",/title/tt1305806/,"https://m.media-amazon.com/images/M/MV5BY2FhZGI5M2QtZWFiZS00NjkwLWE4NWQtMzg3ZDZjNjdkYTJiXkEyXkFqcGdeQXVyMTMxODk2OTU@._V1_UY67_CR0,0,45,67_AL_.jpg"
145,"Lock, Stock and Two Smoking Barrels",1998,"Guy Ritchie (dir.), Jason Flemyng, Dexter Fletcher",8.1,"5,25,597",/title/tt0120735/,"https://m.media-amazon.com/images/M/MV5BMTAyN2JmZmEtNjAyMy00NzYwLThmY2MtYWQ3OGNhNjExMmM4XkEyXkFqcGdeQXVyNDk3NzU2MTQ@._V1_UX45_CR0,0,45,67_AL_.jpg"
146,Raging Bull,1980,"Martin Scorsese (dir.), Robert De Niro, Cathy Moriarty",8.1,"3,14,627",/title/tt0081398/,"https://m.media-amazon.com/images/M/MV5BYjRmODkzNDItMTNhNi00YjJlLTg0ZjAtODlhZTM0YzgzYThlXkEyXkFqcGdeQXVyNzQ1ODk3MTQ@._V1_UY67_CR0,0,45,67_AL_.jpg"
147,Tonari no Totoro,1988,"Hayao Miyazaki (dir.), Hitoshi Takagi, Noriko Hidaka",8.1,"2,79,695",/title/tt0096283/,"https://m.media-amazon.com/images/M/MV5BYzJjMTYyMjQtZDI0My00ZjE2LTkyNGYtOTllNGQxNDMyZjE0XkEyXkFqcGdeQXVyMTMxODk2OTU@._V1_UY67_CR1,0,45,67_AL_.jpg"
148,There Will Be Blood,2007,"Paul Thomas Anderson (dir.), Daniel Day-Lewis, Paul Dano",8.1,"5,04,431",/title/tt0469494/,"https://m.media-amazon.com/images/M/MV5BMjAxODQ4MDU5NV5BMl5BanBnXkFtZTcwMDU4MjU1MQ@@._V1_UY67_CR0,0,45,67_AL_.jpg"
149,Judgment at Nuremberg,1961,"Stanley Kramer (dir.), Spencer Tracy, Burt Lancaster",8.1,"67,603",/title/tt0055031/,"https://m.media-amazon.com/images/M/MV5BNDc2ODQ5NTE2MV5BMl5BanBnXkFtZTcwODExMjUyNA@@._V1_UX45_CR0,0,45,67_AL_.jpg"
150,The Treasure of the Sierra Madre,1948,"John Huston (dir.), Humphrey Bogart, Walter Huston",8.1,"1,11,832",/title/tt0040897/,"https://m.media-amazon.com/images/M/MV5BOTJlZWMxYzEtMjlkMS00ODE0LThlM2ItMDI3NGQ2YjhmMzkxXkEyXkFqcGdeQXVyMDI2NDg0NQ@@._V1_UX45_CR0,0,45,67_AL_.jpg"
151,"Three Billboards Outside Ebbing, Missouri",2017,"Martin McDonagh (dir.), Frances McDormand, Woody Harrelson",8.1,"4,13,536",/title/tt5027774/,"https://m.media-amazon.com/images/M/MV5BMjI0ODcxNzM1N15BMl5BanBnXkFtZTgwMzIwMTEwNDI@._V1_UY67_CR0,0,45,67_AL_.jpg"
152,Dial M for Murder,1954,"Alfred Hitchcock (dir.), Ray Milland, Grace Kelly",8.1,"1,53,878",/title/tt0046912/,"https://m.media-amazon.com/images/M/MV5BOWIwODIxYWItZDI4MS00YzhhLWE3MmYtMzlhZDIwOTMzZmE5L2ltYWdlXkEyXkFqcGdeQXVyNjc1NTYyMjg@._V1_UX45_CR0,0,45,67_AL_.jpg"
153,Babam ve Oglum,2005,"Çagan Irmak (dir.), Çetin Tekindor, Fikret Kuskan",8.1,"76,339",/title/tt0476735/,"https://m.media-amazon.com/images/M/MV5BNjAzMzEwYzctNjc1MC00Nzg5LWFmMGItMTgzYmMyNTY2OTQ4XkEyXkFqcGdeQXVyNjU0OTQ0OTY@._V1_UY67_CR0,0,45,67_AL_.jpg"
154,Chinatown,1974,"Roman Polanski (dir.), Jack Nicholson, Faye Dunaway",8.1,"2,87,670",/title/tt0071315/,"https://m.media-amazon.com/images/M/MV5BOGMwYmY5ZmEtMzY1Yi00OWJiLTk1Y2MtMzI2MjBhYmZkNTQ0XkEyXkFqcGdeQXVyNzkwMjQ5NzM@._V1_UX45_CR0,0,45,67_AL_.jpg"
155,The Gold Rush,1925,"Charles Chaplin (dir.), Charles Chaplin, Mack Swain",8.1,"97,865",/title/tt0015864/,"https://m.media-amazon.com/images/M/MV5BZjEyOTE4MzMtNmMzMy00Mzc3LWJlOTQtOGJiNDE0ZmJiOTU4L2ltYWdlXkEyXkFqcGdeQXVyNTAyODkwOQ@@._V1_UY67_CR2,0,45,67_AL_.jpg"
156,Shutter Island,2010,"Martin Scorsese (dir.), Leonardo DiCaprio, Emily Mortimer",8.1,"10,99,416",/title/tt1130884/,"https://m.media-amazon.com/images/M/MV5BYzhiNDkyNzktNTZmYS00ZTBkLTk2MDAtM2U0YjU1MzgxZjgzXkEyXkFqcGdeQXVyMTMxODk2OTU@._V1_UY67_CR0,0,45,67_AL_.jpg"
157,No Country for Old Men,2007,"Ethan Coen (dir.), Tommy Lee Jones, Javier Bardem",8.1,"8,34,209",/title/tt0477348/,"https://m.media-amazon.com/images/M/MV5BMjA5Njk3MjM4OV5BMl5BanBnXkFtZTcwMTc5MTE1MQ@@._V1_UY67_CR0,0,45,67_AL_.jpg"
158,V for Vendetta,2005,"James McTeigue (dir.), Hugo Weaving, Natalie Portman",8.1,"10,11,789",/title/tt0434409/,"https://m.media-amazon.com/images/M/MV5BOTI5ODc3NzExNV5BMl5BanBnXkFtZTcwNzYxNzQzMw@@._V1_UY67_CR0,0,45,67_AL_.jpg"
159,Det sjunde inseglet,1957,"Ingmar Bergman (dir.), Max von Sydow, Gunnar Björnstrand",8.1,"1,59,931",/title/tt0050976/,"https://m.media-amazon.com/images/M/MV5BM2I1ZWU4YjMtYzU0My00YmMzLWFmNTAtZDJhZGYwMmI3YWQ5XkEyXkFqcGdeQXVyNjU0OTQ0OTY@._V1_UX45_CR0,0,45,67_AL_.jpg"
160,Inside Out,2015,"Pete Docter (dir.), Amy Poehler, Bill Hader",8.1,"5,94,460",/title/tt2096673/,"https://m.media-amazon.com/images/M/MV5BOTgxMDQwMDk0OF5BMl5BanBnXkFtZTgwNjU5OTg2NDE@._V1_UY67_CR0,0,45,67_AL_.jpg"
161,Warrior,2011,"Gavin O'Connor (dir.), Tom Hardy, Nick Nolte",8.1,"4,28,453",/title/tt1291584/,"https://m.media-amazon.com/images/M/MV5BMTk4ODk5MTMyNV5BMl5BanBnXkFtZTcwMDMyNTg0Ng@@._V1_UX45_CR0,0,45,67_AL_.jpg"
162,The Elephant Man,1980,"David Lynch (dir.), Anthony Hopkins, John Hurt",8.1,"2,15,094",/title/tt0080678/,"https://m.media-amazon.com/images/M/MV5BMDVjNjIwOGItNDE3Ny00OThjLWE0NzQtZTU3YjMzZTZjMzhkXkEyXkFqcGdeQXVyMTQxNzMzNDI@._V1_UX45_CR0,0,45,67_AL_.jpg"
163,Trainspotting,1996,"Danny Boyle (dir.), Ewan McGregor, Ewen Bremner",8.1,"6,24,503",/title/tt0117951/,"https://m.media-amazon.com/images/M/MV5BMzA5Zjc3ZTMtMmU5YS00YTMwLWI4MWUtYTU0YTVmNjVmODZhXkEyXkFqcGdeQXVyNjU0OTQ0OTY@._V1_UY67_CR0,0,45,67_AL_.jpg"
164,The Sixth Sense,1999,"M. Night Shyamalan (dir.), Bruce Willis, Haley Joel Osment",8.1,"8,96,184",/title/tt0167404/,"https://m.media-amazon.com/images/M/MV5BMWM4NTFhYjctNzUyNi00NGMwLTk3NTYtMDIyNTZmMzRlYmQyXkEyXkFqcGdeQXVyMTAwMzUyOTc@._V1_UY67_CR0,0,45,67_AL_.jpg"
165,The Thing,1982,"John Carpenter (dir.), Kurt Russell, Wilford Brimley",8.1,"3,61,183",/title/tt0084787/,"https://m.media-amazon.com/images/M/MV5BNGViZWZmM2EtNGYzZi00ZDAyLTk3ODMtNzIyZTBjN2Y1NmM1XkEyXkFqcGdeQXVyNTAyODkwOQ@@._V1_UX45_CR0,0,45,67_AL_.jpg"
166,Jurassic Park,1993,"Steven Spielberg (dir.), Sam Neill, Laura Dern",8.1,"8,48,296",/title/tt0107290/,"https://m.media-amazon.com/images/M/MV5BMjM2MDgxMDg0Nl5BMl5BanBnXkFtZTgwNTM2OTM5NDE@._V1_UX45_CR0,0,45,67_AL_.jpg"
167,Gone with the Wind,1939,"Victor Fleming (dir.), Clark Gable, Vivien Leigh",8.1,"2,84,623",/title/tt0031381/,"https://m.media-amazon.com/images/M/MV5BYjUyZWZkM2UtMzYxYy00ZmQ3LWFmZTQtOGE2YjBkNjA3YWZlXkEyXkFqcGdeQXVyNzkwMjQ5NzM@._V1_UX45_CR0,0,45,67_AL_.jpg"
168,The Truman Show,1998,"Peter Weir (dir.), Jim Carrey, Ed Harris",8.1,"9,13,386",/title/tt0120382/,"https://m.media-amazon.com/images/M/MV5BMDIzODcyY2EtMmY2MC00ZWVlLTgwMzAtMjQwOWUyNmJjNTYyXkEyXkFqcGdeQXVyNDk3NzU2MTQ@._V1_UY67_CR0,0,45,67_AL_.jpg"
169,Smultronstället,1957,"Ingmar Bergman (dir.), Victor Sjöström, Bibi Andersson",8.1,"93,232",/title/tt0050986/,"https://m.media-amazon.com/images/M/MV5BYzdkODZlOGItY2RjZC00Mzc5LWI5NzMtZDUyMmNhNjljOWE2XkEyXkFqcGdeQXVyOTk4MjA5NjQ@._V1_UX45_CR0,0,45,67_AL_.jpg"
170,Finding Nemo,2003,"Andrew Stanton (dir.), Albert Brooks, Ellen DeGeneres",8.1,"9,29,963",/title/tt0266543/,"https://m.media-amazon.com/images/M/MV5BZTAzNWZlNmUtZDEzYi00ZjA5LWIwYjEtZGM1NWE1MjE4YWRhXkEyXkFqcGdeQXVyNjU0OTQ0OTY@._V1_UY67_CR0,0,45,67_AL_.jpg"
171,Blade Runner,1982,"Ridley Scott (dir.), Harrison Ford, Rutger Hauer",8.1,"6,79,670",/title/tt0083658/,"https://m.media-amazon.com/images/M/MV5BNzQzMzJhZTEtOWM4NS00MTdhLTg0YjgtMjM4MDRkZjUwZDBlXkEyXkFqcGdeQXVyNjU0OTQ0OTY@._V1_UY67_CR0,0,45,67_AL_.jpg"
172,Room,2015,"Lenny Abrahamson (dir.), Brie Larson, Jacob Tremblay",8.1,"3,59,063",/title/tt3170832/,"https://m.media-amazon.com/images/M/MV5BMjE4NzgzNzEwMl5BMl5BanBnXkFtZTgwMTMzMDE0NjE@._V1_UY67_CR0,0,45,67_AL_.jpg"
173,Stalker,1979,"Andrei Tarkovsky (dir.), Alisa Freyndlikh, Aleksandr Kaydanovskiy",8.1,"1,12,460",/title/tt0079944/,"https://m.media-amazon.com/images/M/MV5BMDgwODNmMGItMDcwYi00OWZjLTgyZjAtMGYwMmI4N2Q0NmJmXkEyXkFqcGdeQXVyNzY1MTU0Njk@._V1_UY67_CR1,0,45,67_AL_.jpg"
174,The Bridge on the River Kwai,1957,"David Lean (dir.), William Holden, Alec Guinness",8.1,"1,99,231",/title/tt0050212/,"https://m.media-amazon.com/images/M/MV5BMGVhNjhjODktODgxYS00MDdhLTlkZjktYTkyNzQxMTU0ZDYxXkEyXkFqcGdeQXVyNzkwMjQ5NzM@._V1_UX45_CR0,0,45,67_AL_.jpg"
175,Kill Bill: Vol 1,2003,"Quentin Tarantino (dir.), Uma Thurman, David Carradine",8.1,"9,79,566",/title/tt0266697/,"https://m.media-amazon.com/images/M/MV5BNzM3NDFhYTAtYmU5Mi00NGRmLTljYjgtMDkyODQ4MjNkMGY2XkEyXkFqcGdeQXVyNzkwMjQ5NzM@._V1_UX45_CR0,0,45,67_AL_.jpg"
176,Fargo,1996,"Joel Coen (dir.), William H. Macy, Frances McDormand",8.1,"6,02,292",/title/tt0116282/,"https://m.media-amazon.com/images/M/MV5BNDJiZDgyZjctYmRjMS00ZjdkLTkwMTEtNGU1NDg3NDQ0Yzk1XkEyXkFqcGdeQXVyNzkwMjQ5NzM@._V1_UY67_CR0,0,45,67_AL_.jpg"
177,Salinui chueok,2003,"Bong Joon Ho (dir.), Kang-ho Song, Sang-kyung Kim",8.1,"1,29,238",/title/tt0353969/,"https://m.media-amazon.com/images/M/MV5BOGViNTg4YTktYTQ2Ni00MTU0LTk2NWUtMTI4OTc1YTM0NzQ2XkEyXkFqcGdeQXVyMDM2NDM2MQ@@._V1_UY67_CR0,0,45,67_AL_.jpg"
178,Tôkyô monogatari,1953,"Yasujirô Ozu (dir.), Chishû Ryû, Chieko Higashiyama",8.1,"50,756",/title/tt0046438/,"https://m.media-amazon.com/images/M/MV5BYWQ4ZTRiODktNjAzZC00Nzg1LTk1YWQtNDFmNDI0NmZiNGIwXkEyXkFqcGdeQXVyNzkwMjQ5NzM@._V1_UY67_CR0,0,45,67_AL_.jpg"
179,The Third Man,1949,"Carol Reed (dir.), Orson Welles, Joseph Cotten",8.1,"1,55,671",/title/tt0041959/,"https://m.media-amazon.com/images/M/MV5BYjE2OTdhMWUtOGJlMy00ZDViLWIzZjgtYjZkZGZmMDZjYmEyXkEyXkFqcGdeQXVyNzkwMjQ5NzM@._V1_UX45_CR0,0,45,67_AL_.jpg"
180,On the Waterfront,1954,"Elia Kazan (dir.), Marlon Brando, Karl Malden",8.1,"1,38,942",/title/tt0047296/,"https://m.media-amazon.com/images/M/MV5BY2I0MWFiZDMtNWQyYy00Njk5LTk3MDktZjZjNTNmZmVkYjkxXkEyXkFqcGdeQXVyNjc1NTYyMjg@._V1_UX45_CR0,0,45,67_AL_.jpg"
181,Gran Torino,2008,"Clint Eastwood (dir.), Clint Eastwood, Bee Vang",8.1,"7,08,470",/title/tt1205489/,"https://m.media-amazon.com/images/M/MV5BMTc5NTk2OTU1Nl5BMl5BanBnXkFtZTcwMDc3NjAwMg@@._V1_UY67_CR0,0,45,67_AL_.jpg"
182,The Deer Hunter,1978,"Michael Cimino (dir.), Robert De Niro, Christopher Walken",8.1,"3,05,086",/title/tt0077416/,"https://m.media-amazon.com/images/M/MV5BNDhmNTA0ZDMtYjhkNS00NzEzLWIzYTItOGNkMTVmYjE2YmI3XkEyXkFqcGdeQXVyNzkwMjQ5NzM@._V1_UY67_CR0,0,45,67_AL_.jpg"
183,Relatos salvajes,2014,"Damián Szifron (dir.), Darío Grandinetti, María Marull",8.1,"1,71,169",/title/tt3011894/,"https://m.media-amazon.com/images/M/MV5BNGQzY2Y0MTgtMDA4OC00NjM3LWI0ZGQtNTJlM2UxZDQxZjI0XkEyXkFqcGdeQXVyNDUzOTQ5MjY@._V1_UY67_CR1,0,45,67_AL_.jpg"
184,Klaus,2019,"Sergio Pablos (dir.), Jason Schwartzman, J.K. Simmons",8.1,"75,694",/title/tt4729430/,"https://m.media-amazon.com/images/M/MV5BMWYwOThjM2ItZGYxNy00NTQwLWFlZWEtM2MzM2Q5MmY3NDU5XkEyXkFqcGdeQXVyMTkxNjUyNQ@@._V1_UY67_CR0,0,45,67_AL_.jpg"
185,In the Name of the Father,1993,"Jim Sheridan (dir.), Daniel Day-Lewis, Pete Postlethwaite",8.1,"1,53,265",/title/tt0107207/,"https://m.media-amazon.com/images/M/MV5BMmYyOTgwYWItYmU3Ny00M2E2LTk0NWMtMDVlNmQ0MWZiMTMxXkEyXkFqcGdeQXVyNzkwMjQ5NzM@._V1_UX45_CR0,0,45,67_AL_.jpg"
186,Mary and Max,2009,"Adam Elliot (dir.), Toni Collette, Philip Seymour Hoffman",8.1,"1,61,462",/title/tt0978762/,"https://m.media-amazon.com/images/M/MV5BMDgzYjQwMDMtNGUzYi00MTRmLWIyMGMtNjE1OGZkNzY2YWIzL2ltYWdlXkEyXkFqcGdeQXVyNjU0OTQ0OTY@._V1_UY67_CR1,0,45,67_AL_.jpg"
187,Andhadhun,2018,"Sriram Raghavan (dir.), Ayushmann Khurrana, Tabu",8.1,"66,381",/title/tt8108198/,"https://m.media-amazon.com/images/M/MV5BZWZhMjhhZmYtOTIzOC00MGYzLWI1OGYtM2ZkN2IxNTI4ZWI3XkEyXkFqcGdeQXVyNDAzNDk0MTQ@._V1_UY67_CR0,0,45,67_AL_.jpg"
188,Gone Girl,2014,"David Fincher (dir.), Ben Affleck, Rosamund Pike",8.1,"8,35,994",/title/tt2267998/,"https://m.media-amazon.com/images/M/MV5BMTk0MDQ3MzAzOV5BMl5BanBnXkFtZTgwNzU1NzE3MjE@._V1_UY67_CR0,0,45,67_AL_.jpg"
189,Hacksaw Ridge,2016,"Mel Gibson (dir.), Andrew Garfield, Sam Worthington",8.1,"4,20,090",/title/tt2119532/,"https://m.media-amazon.com/images/M/MV5BMjQ1NjM3MTUxNV5BMl5BanBnXkFtZTgwMDc5MTY5OTE@._V1_UX45_CR0,0,45,67_AL_.jpg"
190,The Grand Budapest Hotel,2014,"Wes Anderson (dir.), Ralph Fiennes, F. Murray Abraham",8.1,"6,89,411",/title/tt2278388/,"https://m.media-amazon.com/images/M/MV5BMzM5NjUxOTEyMl5BMl5BanBnXkFtZTgwNjEyMDM0MDE@._V1_UY67_CR0,0,45,67_AL_.jpg"
191,The Big Lebowski,1998,"Joel Coen (dir.), Jeff Bridges, John Goodman",8.1,"7,15,921",/title/tt0118715/,"https://m.media-amazon.com/images/M/MV5BMTQ0NjUzMDMyOF5BMl5BanBnXkFtZTgwODA1OTU0MDE@._V1_UX45_CR0,0,45,67_AL_.jpg"
192,Before Sunrise,1995,"Richard Linklater (dir.), Ethan Hawke, Julie Delpy",8.1,"2,63,881",/title/tt0112471/,"https://m.media-amazon.com/images/M/MV5BZDdiZTAwYzAtMDI3Ni00OTRjLTkzN2UtMGE3MDMyZmU4NTU4XkEyXkFqcGdeQXVyNjU0OTQ0OTY@._V1_UY67_CR0,0,45,67_AL_.jpg"
193,Catch Me If You Can,2002,"Steven Spielberg (dir.), Leonardo DiCaprio, Tom Hanks",8.1,"8,03,306",/title/tt0264464/,"https://m.media-amazon.com/images/M/MV5BMTY5MzYzNjc5NV5BMl5BanBnXkFtZTYwNTUyNTc2._V1_UY67_CR0,0,45,67_AL_.jpg"
194,Eskiya,1996,"Yavuz Turgul (dir.), Sener Sen, Ugur Yücel",8.1,"62,147",/title/tt0116231/,"https://m.media-amazon.com/images/M/MV5BOGQ4ZjFmYjktOGNkNS00OWYyLWIyZjgtMGJjM2U1ZTA0ZTlhXkEyXkFqcGdeQXVyNTA4NzY1MzY@._V1_UY67_CR1,0,45,67_AL_.jpg"
195,Persona,1966,"Ingmar Bergman (dir.), Bibi Andersson, Liv Ullmann",8.1,"99,355",/title/tt0060827/,"https://m.media-amazon.com/images/M/MV5BMTM0YzExY2EtMjUyZi00ZmIwLWFkYTktNjY5NmVkYTdkMjI5XkEyXkFqcGdeQXVyNzQxNDExNTU@._V1_UY67_CR1,0,45,67_AL_.jpg"
196,To Be or Not to Be,1942,"Ernst Lubitsch (dir.), Carole Lombard, Jack Benny",8.1,"27,789",/title/tt0035446/,"https://m.media-amazon.com/images/M/MV5BYTIwNDcyMjktMTczMy00NDM5LTlhNDEtMmE3NGVjOTM2YjQ3XkEyXkFqcGdeQXVyNjc0MzMzNjA@._V1_UX45_CR0,0,45,67_AL_.jpg"
197,Ford v Ferrari,2019,"James Mangold (dir.), Matt Damon, Christian Bale",8.1,"2,57,299",/title/tt1950186/,"https://m.media-amazon.com/images/M/MV5BM2UwMDVmMDItM2I2Yi00NGZmLTk4ZTUtY2JjNTQ3OGQ5ZjM2XkEyXkFqcGdeQXVyMTA1OTYzOTUx._V1_UY67_CR0,0,45,67_AL_.jpg"
198,Prisoners,2013,"Denis Villeneuve (dir.), Hugh Jackman, Jake Gyllenhaal",8.1,"5,83,280",/title/tt1392214/,"https://m.media-amazon.com/images/M/MV5BMTg0NTIzMjQ1NV5BMl5BanBnXkFtZTcwNDc3MzM5OQ@@._V1_UY67_CR0,0,45,67_AL_.jpg"
199,The General,1926,"Clyde Bruckman (dir.), Buster Keaton, Marion Mack",8.1,"78,991",/title/tt0017925/,"https://m.media-amazon.com/images/M/MV5BYmRiMDFlYjYtOTMwYy00OGY2LWE0Y2QtYzQxOGNhZmUwNTIxXkEyXkFqcGdeQXVyNzkwMjQ5NzM@._V1_UY67_CR0,0,45,67_AL_.jpg"
200,Sherlock Jr,1924,"Buster Keaton (dir.), Buster Keaton, Kathryn McGuire",8.1,"39,890",/title/tt0015324/,"https://m.media-amazon.com/images/M/MV5BZWFhOGU5NDctY2Q3YS00Y2VlLWI1NzEtZmIwY2ZiZjY4OTA2XkEyXkFqcGdeQXVyMDI2NDg0NQ@@._V1_UX45_CR0,0,45,67_AL_.jpg"
201,How to Train Your Dragon,2010,"Dean DeBlois (dir.), Jay Baruchel, Gerard Butler",8.1,"6,52,924",/title/tt0892769/,"https://m.media-amazon.com/images/M/MV5BMjA5NDQyMjc2NF5BMl5BanBnXkFtZTcwMjg5ODcyMw@@._V1_UY67_CR0,0,45,67_AL_.jpg"
202,Mr Smith Goes to Washington,1939,"Frank Capra (dir.), James Stewart, Jean Arthur",8.1,"1,04,773",/title/tt0031679/,"https://m.media-amazon.com/images/M/MV5BZTYwYjYxYzgtMDE1Ni00NzU4LWJlMTEtODQ5YmJmMGJhZjI5L2ltYWdlXkEyXkFqcGdeQXVyMDI2NDg0NQ@@._V1_UX45_CR0,0,45,67_AL_.jpg"
203,12 Years a Slave,2013,"Steve McQueen (dir.), Chiwetel Ejiofor, Michael Kenneth Williams",8.1,"6,26,183",/title/tt2024544/,"https://m.media-amazon.com/images/M/MV5BMjExMTEzODkyN15BMl5BanBnXkFtZTcwNTU4NTc4OQ@@._V1_UY67_CR0,0,45,67_AL_.jpg"
204,Barry Lyndon,1975,"Stanley Kubrick (dir.), Ryan O'Neal, Marisa Berenson",8.1,"1,45,789",/title/tt0072684/,"https://m.media-amazon.com/images/M/MV5BNmY0MWY2NDctZDdmMi00MjA1LTk0ZTQtZDMyZTQ1NTNlYzVjXkEyXkFqcGdeQXVyMjUzOTY1NTc@._V1_UX45_CR0,0,45,67_AL_.jpg"
205,Mad Max: Fury Road,2015,"George Miller (dir.), Tom Hardy, Charlize Theron",8.1,"8,58,864",/title/tt1392190/,"https://m.media-amazon.com/images/M/MV5BN2EwM2I5OWMtMGQyMi00Zjg1LWJkNTctZTdjYTA4OGUwZjMyXkEyXkFqcGdeQXVyMTMxODk2OTU@._V1_UY67_CR0,0,45,67_AL_.jpg"
206,Network,1976,"Sidney Lumet (dir.), Faye Dunaway, William Holden",8.1,"1,42,231",/title/tt0074958/,"https://m.media-amazon.com/images/M/MV5BZGNjYjM2MzItZGQzZi00NmY3LTgxOGUtMTQ2MWQxNWQ2MmMwXkEyXkFqcGdeQXVyNzM0MTUwNTY@._V1_UX45_CR0,0,45,67_AL_.jpg"
207,Stand by Me,1986,"Rob Reiner (dir.), Wil Wheaton, River Phoenix",8.1,"3,56,622",/title/tt0092005/,"https://m.media-amazon.com/images/M/MV5BODJmY2Y2OGQtMDg2My00N2Q3LWJmZTUtYTc2ODBjZDVlNDlhXkEyXkFqcGdeQXVyMTQxNzMzNDI@._V1_UX45_CR0,0,45,67_AL_.jpg"
208,Million Dollar Baby,2004,"Clint Eastwood (dir.), Hilary Swank, Clint Eastwood",8.1,"6,24,630",/title/tt0405159/,"https://m.media-amazon.com/images/M/MV5BMTkxNzA1NDQxOV5BMl5BanBnXkFtZTcwNTkyMTIzMw@@._V1_UY67_CR0,0,45,67_AL_.jpg"
209,Cool Hand Luke,1967,"Stuart Rosenberg (dir.), Paul Newman, George Kennedy",8.1,"1,58,746",/title/tt0061512/,"https://m.media-amazon.com/images/M/MV5BOWFlNzZhYmYtYTI5YS00MDQyLWIyNTUtNTRjMWUwNTEzNjA0XkEyXkFqcGdeQXVyNjUwNzk3NDc@._V1_UX45_CR0,0,45,67_AL_.jpg"
210,Hachi: A Dog's Tale,2009,"Lasse Hallström (dir.), Richard Gere, Joan Allen",8.1,"2,46,593",/title/tt1028532/,"https://m.media-amazon.com/images/M/MV5BNzE4NDg5OWMtMzg3NC00ZDRjLTllMDMtZTRjNWZmNjBmMGZlXkEyXkFqcGdeQXVyMTMxODk2OTU@._V1_UY67_CR1,0,45,67_AL_.jpg"
211,Dead Poets Society,1989,"Peter Weir (dir.), Robin Williams, Robert Sean Leonard",8.1,"4,12,464",/title/tt0097165/,"https://m.media-amazon.com/images/M/MV5BOGYwYWNjMzgtNGU4ZC00NWQ2LWEwZjUtMzE1Zjc3NjY3YTU1XkEyXkFqcGdeQXVyMTQxNzMzNDI@._V1_UY67_CR0,0,45,67_AL_.jpg"
212,Ben-Hur,1959,"William Wyler (dir.), Charlton Heston, Jack Hawkins",8.1,"2,15,299",/title/tt0052618/,"https://m.media-amazon.com/images/M/MV5BNjgxY2JiZDYtZmMwOC00ZmJjLWJmODUtMTNmNWNmYWI5ODkwL2ltYWdlL2ltYWdlXkEyXkFqcGdeQXVyNjc1NTYyMjg@._V1_UX45_CR0,0,45,67_AL_.jpg"
213,Into the Wild,2007,"Sean Penn (dir.), Emile Hirsch, Vince Vaughn",8.1,"5,61,866",/title/tt0758758/,"https://m.media-amazon.com/images/M/MV5BMTAwNDEyODU1MjheQTJeQWpwZ15BbWU2MDc3NDQwNw@@._V1_UY67_CR0,0,45,67_AL_.jpg"
214,Harry Potter and the Deathly Hallows: Part 2,2011,"David Yates (dir.), Daniel Radcliffe, Emma Watson",8.1,"7,45,239",/title/tt1201607/,"https://m.media-amazon.com/images/M/MV5BMGVmMWNiMDktYjQ0Mi00MWIxLTk0N2UtN2ZlYTdkN2IzNDNlXkEyXkFqcGdeQXVyODE5NzE3OTE@._V1_UX45_CR0,0,45,67_AL_.jpg"
215,Platoon,1986,"Oliver Stone (dir.), Charlie Sheen, Tom Berenger",8.1,"3,74,116",/title/tt0091763/,"https://m.media-amazon.com/images/M/MV5BMzRjZjdlMjQtODVkYS00N2YzLWJlYWYtMGVlN2E5MWEwMWQzXkEyXkFqcGdeQXVyMTQxNzMzNDI@._V1_UX45_CR0,0,45,67_AL_.jpg"
216,Logan,2017,"James Mangold (dir.), Hugh Jackman, Patrick Stewart",8.1,"6,29,501",/title/tt3315342/,"https://m.media-amazon.com/images/M/MV5BYzc5MTU4N2EtYTkyMi00NjdhLTg3NWEtMTY4OTEyMzJhZTAzXkEyXkFqcGdeQXVyNjc1NTYyMjg@._V1_UX45_CR0,0,45,67_AL_.jpg"
217,Le salaire de la peur,1953,"Henri-Georges Clouzot (dir.), Yves Montand, Charles Vanel",8.1,"53,117",/title/tt0046268/,"https://m.media-amazon.com/images/M/MV5BZDdkNzMwZmUtY2Q5MS00ZmM2LWJhYjItYTBjMWY0MGM4MDRjXkEyXkFqcGdeQXVyNTA4NzY1MzY@._V1_UY67_CR0,0,45,67_AL_.jpg"
218,Life of Brian,1979,"Terry Jones (dir.), Graham Chapman, John Cleese",8,"3,60,094",/title/tt0079470/,"https://m.media-amazon.com/images/M/MV5BMzAwNjU1OTktYjY3Mi00NDY5LWFlZWUtZjhjNGE0OTkwZDkwXkEyXkFqcGdeQXVyMTQxNzMzNDI@._V1_UX45_CR0,0,45,67_AL_.jpg"
219,Rush,2013,"Ron Howard (dir.), Daniel Brühl, Chris Hemsworth",8,"4,23,910",/title/tt1979320/,"https://m.media-amazon.com/images/M/MV5BOWEwODJmZDItYTNmZC00OGM4LThlNDktOTQzZjIzMGQxODA4XkEyXkFqcGdeQXVyNjU0OTQ0OTY@._V1_UY67_CR0,0,45,67_AL_.jpg"
220,Ah-ga-ssi,2016,"Chan-wook Park (dir.), Min-hee Kim, Jung-woo Ha",8,"1,05,511",/title/tt4016934/,"https://m.media-amazon.com/images/M/MV5BNDJhYTk2MTctZmVmOS00OTViLTgxNjQtMzQxOTRiMDdmNGRjXkEyXkFqcGdeQXVyMTMxODk2OTU@._V1_UY67_CR1,0,45,67_AL_.jpg"
221,La passion de Jeanne d'Arc,1928,"Carl Theodor Dreyer (dir.), Maria Falconetti, Eugene Silvain",8,"46,004",/title/tt0019254/,"https://m.media-amazon.com/images/M/MV5BNjBjNDJiYTUtOWY0OS00OGVmLTg2YzctMTE0NzVhODM1ZWJmXkEyXkFqcGdeQXVyNjU0OTQ0OTY@._V1_UX45_CR0,0,45,67_AL_.jpg"
222,Les quatre cents coups,1959,"François Truffaut (dir.), Jean-Pierre Léaud, Albert Rémy",8,"1,02,262",/title/tt0053198/,"https://m.media-amazon.com/images/M/MV5BZDVmMDM5MjMtMGQ4Yi00YjA4LWE3MGYtMDYxNTQ2NjRjNTc4XkEyXkFqcGdeQXVyMTMxODk2OTU@._V1_UY67_CR0,0,45,67_AL_.jpg"
223,Du rififi chez les hommes,1955,"Jules Dassin (dir.), Jean Servais, Carl Möhner",8,"26,789",/title/tt0048021/,"https://m.media-amazon.com/images/M/MV5BNjZmZGRiMDgtNDkwNi00OTZhLWFhZmMtYTdkYjgyNThhOWY3XkEyXkFqcGdeQXVyMTA1NTM1NDI2._V1_UY67_CR0,0,45,67_AL_.jpg"
224,Andrei Rublev,1966,"Andrei Tarkovsky (dir.), Anatoliy Solonitsyn, Ivan Lapikov",8,"44,990",/title/tt0060107/,"https://m.media-amazon.com/images/M/MV5BMjhkN2Q3MzctNzJiOC00OTc5LWIwOWYtNWRiYWUyMDk0MGZiXkEyXkFqcGdeQXVyNTAyODkwOQ@@._V1_UX45_CR0,0,45,67_AL_.jpg"
225,Hotel Rwanda,2004,"Terry George (dir.), Don Cheadle, Sophie Okonedo",8,"3,29,791",/title/tt0395169/,"https://m.media-amazon.com/images/M/MV5BZGJjYmIzZmQtNWE4Yy00ZGVmLWJkZGEtMzUzNmQ4ZWFlMjRhXkEyXkFqcGdeQXVyMTMxODk2OTU@._V1_UY67_CR0,0,45,67_AL_.jpg"
226,Spotlight,2015,"Tom McCarthy (dir.), Mark Ruffalo, Michael Keaton",8,"4,08,148",/title/tt1895587/,"https://m.media-amazon.com/images/M/MV5BMjIyOTM5OTIzNV5BMl5BanBnXkFtZTgwMDkzODE2NjE@._V1_UY67_CR0,0,45,67_AL_.jpg"
227,Amores perros,2000,"Alejandro G. Iñárritu (dir.), Emilio Echevarría, Gael García Bernal",8,"2,19,712",/title/tt0245712/,"https://m.media-amazon.com/images/M/MV5BMjQxMWJhMzMtMzllZi00NzMwLTllYjktNTcwZmU4ZmU3NTA0XkEyXkFqcGdeQXVyMTAzMDM4MjM0._V1_UY67_CR2,0,45,67_AL_.jpg"
228,La haine,1995,"Mathieu Kassovitz (dir.), Vincent Cassel, Hubert Koundé",8,"1,45,105",/title/tt0113247/,"https://m.media-amazon.com/images/M/MV5BNDNiOTA5YjktY2Q0Ni00ODgzLWE5MWItNGExOWRlYjY2MjBlXkEyXkFqcGdeQXVyNjQ2MjQ5NzM@._V1_UY67_CR1,0,45,67_AL_.jpg"
229,Kaze no tani no Naushika,1984,"Hayao Miyazaki (dir.), Sumi Shimamoto, Mahito Tsujimura",8,"1,45,582",/title/tt0087544/,"https://m.media-amazon.com/images/M/MV5BZWFkN2ZhODAtYTNkZS00Y2NjLWIzNDYtNzJjNDNlMzAyNTIyXkEyXkFqcGdeQXVyODEzNjM5OTQ@._V1_UY67_CR1,0,45,67_AL_.jpg"
230,Rocky,1976,"John G. Avildsen (dir.), Sylvester Stallone, Talia Shire",8,"5,07,329",/title/tt0075148/,"https://m.media-amazon.com/images/M/MV5BMTY5MDMzODUyOF5BMl5BanBnXkFtZTcwMTQ3NTMyNA@@._V1_UX45_CR0,0,45,67_AL_.jpg"
231,Rang De Basanti,2006,"Rakeysh Omprakash Mehra (dir.), Aamir Khan, Soha Ali Khan",8,"1,09,295",/title/tt0405508/,"https://m.media-amazon.com/images/M/MV5BYThmZDA0YmQtMWJhNy00MDQwLTk0Y2YtMDhmZTE5ZjhlNjliXkEyXkFqcGdeQXVyODE5NzE3OTE@._V1_UY67_CR1,0,45,67_AL_.jpg"
232,Gangs of Wasseypur,2012,"Anurag Kashyap (dir.), Manoj Bajpayee, Richa Chadha",8,"78,919",/title/tt1954470/,"https://m.media-amazon.com/images/M/MV5BMTc5NjY4MjUwNF5BMl5BanBnXkFtZTgwODM3NzM5MzE@._V1_UY67_CR0,0,45,67_AL_.jpg"
233,"Monsters, Inc",2001,"Pete Docter (dir.), Billy Crystal, John Goodman",8,"7,96,764",/title/tt0198781/,"https://m.media-amazon.com/images/M/MV5BMTY1NTI0ODUyOF5BMl5BanBnXkFtZTgwNTEyNjQ0MDE@._V1_UY67_CR0,0,45,67_AL_.jpg"
234,Rebecca,1940,"Alfred Hitchcock (dir.), Laurence Olivier, Joan Fontaine",8,"1,19,715",/title/tt0032976/,"https://m.media-amazon.com/images/M/MV5BYTcxYWExOTMtMWFmYy00ZjgzLWI0YjktNWEzYzJkZTg0NDdmL2ltYWdlXkEyXkFqcGdeQXVyNjc1NTYyMjg@._V1_UY67_CR1,0,45,67_AL_.jpg"
235,Portrait de la jeune fille en feu,2019,"Céline Sciamma (dir.), Noémie Merlant, Adèle Haenel",8,"51,361",/title/tt8613070/,"https://m.media-amazon.com/images/M/MV5BNjgwNjkwOWYtYmM3My00NzI1LTk5OGItYWY0OTMyZTY4OTg2XkEyXkFqcGdeQXVyODk4OTc3MTY@._V1_UY67_CR0,0,45,67_AL_.jpg"
236,Before Sunset,2004,"Richard Linklater (dir.), Ethan Hawke, Julie Delpy",8,"2,29,596",/title/tt0381681/,"https://m.media-amazon.com/images/M/MV5BMTQ1MjAwNTM5Ml5BMl5BanBnXkFtZTYwNDM0MTc3._V1_UY67_CR0,0,45,67_AL_.jpg"
237,Fa yeung nin wah,2000,"Kar-Wai Wong (dir.), Tony Chiu-Wai Leung, Maggie Cheung",8,"1,19,661",/title/tt0118694/,"https://m.media-amazon.com/images/M/MV5BYjZjODRlMjQtMjJlYy00ZDBjLTkyYTQtZGQxZTk5NzJhYmNmXkEyXkFqcGdeQXVyMTQxNzMzNDI@._V1_UY67_CR1,0,45,67_AL_.jpg"
238,It Happened One Night,1934,"Frank Capra (dir.), Clark Gable, Claudette Colbert",8,"91,644",/title/tt0025316/,"https://m.media-amazon.com/images/M/MV5BYzJmMWE5NjAtNWMyZS00NmFiLWIwMDgtZDE2NzczYWFhNzIzXkEyXkFqcGdeQXVyNjc1NTYyMjg@._V1_UX45_CR0,0,45,67_AL_.jpg"
239,Drishyam,2015,"Nishikant Kamat (dir.), Ajay Devgn, Shriya Saran",8,"66,429",/title/tt4430212/,"https://m.media-amazon.com/images/M/MV5BYmJhZmJlYTItZmZlNy00MGY0LTg0ZGMtNWFkYWU5NTA1YTNhXkEyXkFqcGdeQXVyODE5NzE3OTE@._V1_UY67_CR0,0,45,67_AL_.jpg"
240,"Paris, Texas",1984,"Wim Wenders (dir.), Harry Dean Stanton, Nastassja Kinski",8,"87,023",/title/tt0087884/,"https://m.media-amazon.com/images/M/MV5BM2RjMmU3ZWItYzBlMy00ZmJkLWE5YzgtNTVkODdhOWM3NGZhXkEyXkFqcGdeQXVyNDA5Mjg5MjA@._V1_UX45_CR0,0,45,67_AL_.jpg"
241,The Circus,1928,"Charles Chaplin (dir.), Charles Chaplin, Merna Kennedy",8,"27,804",/title/tt0018773/,"https://m.media-amazon.com/images/M/MV5BM2QwYWQ0MWMtNzcwOC00N2Q2LWE1MDEtZmQxZjhiM2U1YzFhXkEyXkFqcGdeQXVyMTQxNzMzNDI@._V1_UX45_CR0,0,45,67_AL_.jpg"
242,Contratiempo,2016,"Oriol Paulo (dir.), Mario Casas, Ana Wagener",8,"1,28,565",/title/tt4857264/,"https://m.media-amazon.com/images/M/MV5BMDk0YzAwYjktMWFiZi00Y2FmLWJmMmMtMzUyZDZmMmU5MjkzXkEyXkFqcGdeQXVyMTMxODk2OTU@._V1_UY67_CR1,0,45,67_AL_.jpg"
243,The Help,2011,"Tate Taylor (dir.), Emma Stone, Viola Davis",8,"4,20,379",/title/tt1454029/,"https://m.media-amazon.com/images/M/MV5BMTM5OTMyMjIxOV5BMl5BanBnXkFtZTcwNzU4MjIwNQ@@._V1_UY67_CR0,0,45,67_AL_.jpg"
244,The Princess Bride,1987,"Rob Reiner (dir.), Cary Elwes, Mandy Patinkin",8,"3,86,163",/title/tt0093779/,"https://m.media-amazon.com/images/M/MV5BMGM4M2Q5N2MtNThkZS00NTc1LTk1NTItNWEyZjJjNDRmNDk5XkEyXkFqcGdeQXVyMjA0MDQ0Mjc@._V1_UY67_CR0,0,45,67_AL_.jpg"
245,La battaglia di Algeri,1966,"Gillo Pontecorvo (dir.), Brahim Hadjadj, Jean Martin",8,"51,380",/title/tt0058946/,"https://m.media-amazon.com/images/M/MV5BZWEzMGY4OTQtYTdmMy00M2QwLTliYTQtYWUzYzc3OTA5YzIwXkEyXkFqcGdeQXVyNjc1NTYyMjg@._V1_UY67_CR1,0,45,67_AL_.jpg"
246,The Terminator,1984,"James Cameron (dir.), Arnold Schwarzenegger, Linda Hamilton",8,"7,86,116",/title/tt0088247/,"https://m.media-amazon.com/images/M/MV5BYTViNzMxZjEtZGEwNy00MDNiLWIzNGQtZDY2MjQ1OWViZjFmXkEyXkFqcGdeQXVyNzkwMjQ5NzM@._V1_UX45_CR0,0,45,67_AL_.jpg"
247,Mandariinid,2013,"Zaza Urushadze (dir.), Lembit Ulfsak, Elmo Nüganen",8,"37,618",/title/tt2991224/,"https://m.media-amazon.com/images/M/MV5BMTgwNzA3MDQzOV5BMl5BanBnXkFtZTgwNTE5MDE5NDE@._V1_UY67_CR0,0,45,67_AL_.jpg"
248,Trois couleurs: Rouge,1994,"Krzysztof Kieslowski (dir.), Irène Jacob, Jean-Louis Trintignant",8,"88,096",/title/tt0111495/,"https://m.media-amazon.com/images/M/MV5BYTg1MmNiMjItMmY4Yy00ZDQ3LThjMzYtZGQ0ZTQzNTdkMGQ1L2ltYWdlL2ltYWdlXkEyXkFqcGdeQXVyMTQxNzMzNDI@._V1_UX45_CR0,0,45,67_AL_.jpg"
249,Aladdin,1992,"Ron Clements (dir.), Scott Weinger, Robin Williams",8,"3,64,960",/title/tt0103639/,"https://m.media-amazon.com/images/M/MV5BY2Q2NDI1MjUtM2Q5ZS00MTFlLWJiYWEtNTZmNjQ3OGJkZDgxXkEyXkFqcGdeQXVyNTI4MjkwNjA@._V1_UY67_CR0,0,45,67_AL_.jpg"
250,Fanny och Alexander,1982,"Ingmar Bergman (dir.), Bertil Guve, Pernilla Allwin",8,"56,387",/title/tt0083922/,"https://m.media-amazon.com/images/M/MV5BZmQzMDE5ZWQtOTU3ZS00ZjdhLWI0OTctZDNkODk4YThmOTRhL2ltYWdlXkEyXkFqcGdeQXVyNjc1NTYyMjg@._V1_UY67_CR0,0,45,67_AL_.jpg"
